一	one	1	RTK
二	two	2	RTK
三	three	3	RTK
四	four	4	RTK
五	five	5	RTK
六	six	6	RTK
七	seven	7	RTK
八	eight	8	RTK
九	nine	9	RTK
十	ten	10	RTK
口	mouth	11	RTK
日	day	12	RTK
月	month	13	RTK
田	rice field	14	RTK
目	eye	15	RTK
古	old	16	RTK
吾	I	17	RTK
冒	risk	18	RTK
朋	companion	19	RTK
明	bright	20	RTK
唱	chant	21	RTK
晶	sparkle	22	RTK
品	goods	23	RTK
呂	spine	24	RTK
昌	prosperous	25	RTK
早	early	26	RTK
旭	rising sun	27	RTK
世	generation	28	RTK
胃	stomach	29	RTK
旦	nightbreak	30	RTK
胆	gall bladder	31	RTK
亘	span	32	RTK
凹	concave	33	RTK
凸	convex	34	RTK
旧	olden times	35	RTK
自	oneself	36	RTK
白	white	37	RTK
百	hundred	38	RTK
中	in	39	RTK
千	thousand	40	RTK
舌	tongue	41	RTK
升	measuring box	42	RTK
昇	rise up	43	RTK
丸	round	44	RTK
寸	measurement	45	RTK
肘	elbow	46	RTK
専	specialty	47	RTK
博	Dr.	48	RTK
占	fortune-telling	49	RTK
上	above	50	RTK
下	below	51	RTK
卓	eminent	52	RTK
朝	morning	53	RTK
嘲	derision	54	RTK
只	only	55	RTK
貝	shellfish	56	RTK
唄	pop song	57	RTK
貞	upright	58	RTK
員	employee	59	RTK
貼	post a bill	60	RTK
見	see	61	RTK
児	newborn babe	62	RTK
元	beginning	63	RTK
頁	page	64	RTK
頑	stubborn	65	RTK
凡	mediocre	66	RTK
負	defeat	67	RTK
万	ten thousand	68	RTK
句	phrase	69	RTK
肌	texture	70	RTK
旬	decameron	71	RTK
勺	ladle	72	RTK
的	bull´s eye	73	RTK
首	neck	74	RTK
乙	fish guts	75	RTK
乱	riot	76	RTK
直	straightaway	77	RTK
具	tool	78	RTK
真	true	79	RTK
工	craft	80	RTK
左	left	81	RTK
右	right	82	RTK
有	possess	83	RTK
賄	bribe	84	RTK
貢	tribute	85	RTK
項	paragraph	86	RTK
刀	sword	87	RTK
刃	blade	88	RTK
切	cut	89	RTK
召	seduce	90	RTK
昭	shining	91	RTK
則	rule	92	RTK
副	vice-	93	RTK
別	separate	94	RTK
丁	street	95	RTK
町	village	96	RTK
可	can	97	RTK
頂	place on the head	98	RTK
子	child	99	RTK
孔	cavity	100	RTK
了	complete	101	RTK
女	woman	102	RTK
好	fond	103	RTK
如	likeness	104	RTK
母	mama	105	RTK
貫	pierce	106	RTK
兄	elder brother	107	RTK
呪	curse	108	RTK
克	overcome	109	RTK
小	little	110	RTK
少	few	111	RTK
大	large	112	RTK
多	many	113	RTK
夕	evening	114	RTK
汐	eventide	115	RTK
外	outside	116	RTK
名	name	117	RTK
石	stone	118	RTK
肖	resemblance	119	RTK
硝	nitrate	120	RTK
砕	smash	121	RTK
砂	sand	122	RTK
妬	jealous	123	RTK
削	plane	124	RTK
光	ray	125	RTK
太	plump	126	RTK
器	utensil	127	RTK
臭	stinking	128	RTK
嗅	sniff	129	RTK
妙	exquisite	130	RTK
省	focus	131	RTK
厚	thick	132	RTK
奇	strange	133	RTK
川	stream	134	RTK
州	state	135	RTK
順	obey	136	RTK
水	water	137	RTK
氷	icicle	138	RTK
永	eternity	139	RTK
泉	spring	140	RTK
腺	gland	141	RTK
原	meadow	142	RTK
願	petition	143	RTK
泳	swim	144	RTK
沼	marsh	145	RTK
沖	open sea	146	RTK
汎	pan-	147	RTK
江	creek	148	RTK
汰	cleanse	149	RTK
汁	soup	150	RTK
沙	grains of sand	151	RTK
潮	tide	152	RTK
源	source	153	RTK
活	lively	154	RTK
消	extinguish	155	RTK
況	but of course	156	RTK
河	river	157	RTK
泊	overnight	158	RTK
湖	lake	159	RTK
測	fathom	160	RTK
土	soil	161	RTK
吐	spit	162	RTK
圧	pressure	163	RTK
埼	cape	164	RTK
垣	hedge	165	RTK
填・塡	inlay	166	RTK
圭	squared jewel	167	RTK
封	seal	168	RTK
涯	horizon	169	RTK
寺	Buddhist temple	170	RTK
時	time	171	RTK
均	level	172	RTK
火	fire	173	RTK
炎	inflammation	174	RTK
煩	anxiety	175	RTK
淡	thin	176	RTK
灯	lamp	177	RTK
畑	farm	178	RTK
災	disaster	179	RTK
灰	ashes	180	RTK
点	spot	181	RTK
照	illuminate	182	RTK
魚	fish	183	RTK
漁	fishing	184	RTK
里	ri	185	RTK
黒	black	186	RTK
墨	black ink	187	RTK
鯉	carp	188	RTK
量	quantity	189	RTK
厘	rin	190	RTK
埋	bury	191	RTK
同	same	192	RTK
洞	den	193	RTK
胴	trunk	194	RTK
向	yonder	195	RTK
尚	esteem	196	RTK
字	character	197	RTK
守	guard	198	RTK
完	perfect	199	RTK
宣	proclaim	200	RTK
宵	wee hours	201	RTK
安	relax	202	RTK
宴	banquet	203	RTK
寄	draw near	204	RTK
富	wealth	205	RTK
貯	savings	206	RTK
木	tree	207	RTK
林	grove	208	RTK
森	forest	209	RTK
桂	Japanese Judas-tree	210	RTK
柏	oak	211	RTK
枠	frame	212	RTK
梢	treetops	213	RTK
棚	shelf	214	RTK
杏	apricot	215	RTK
桐	paulownia	216	RTK
植	plant	217	RTK
椅	chair	218	RTK
枯	wither	219	RTK
朴	crude	220	RTK
村	town	221	RTK
相	inter-	222	RTK
机	desk	223	RTK
本	book	224	RTK
札	tag	225	RTK
暦	calendar	226	RTK
案	plan	227	RTK
燥	parch	228	RTK
未	not yet	229	RTK
末	extremity	230	RTK
昧	obscure	231	RTK
沫	splash	232	RTK
味	flavor	233	RTK
妹	younger sister	234	RTK
朱	vermilion	235	RTK
株	stocks	236	RTK
若	young	237	RTK
草	grass	238	RTK
苦	suffering	239	RTK
苛	bullying	240	RTK
寛	tolerant	241	RTK
薄	dilute	242	RTK
葉	leaf	243	RTK
模	imitation	244	RTK
漠	vague	245	RTK
墓	grave	246	RTK
暮	livelihood	247	RTK
膜	membrane	248	RTK
苗	seedling	249	RTK
兆	portent	250	RTK
桃	peach tree	251	RTK
眺	stare	252	RTK
犬	dog	253	RTK
状	status quo	254	RTK
黙	silence	255	RTK
然	sort of thing	256	RTK
荻	reed	257	RTK
狩	hunt	258	RTK
猫	cat	259	RTK
牛	cow	260	RTK
特	special	261	RTK
告	revelation	262	RTK
先	before	263	RTK
洗	wash	264	RTK
介	jammed in	265	RTK
界	world	266	RTK
茶	tea	267	RTK
脊	spinal column	268	RTK
合	fit	269	RTK
塔	pagoda	270	RTK
王	king	271	RTK
玉	jewel	272	RTK
宝	treasure	273	RTK
珠	pearl	274	RTK
現	present	275	RTK
玩	toy	276	RTK
狂	lunatic	277	RTK
旺	effulgent	278	RTK
皇	emperor	279	RTK
呈	display	280	RTK
全	whole	281	RTK
栓	plug	282	RTK
理	logic	283	RTK
主	lord	284	RTK
注	pour	285	RTK
柱	pillar	286	RTK
金	gold	287	RTK
銑	pig iron	288	RTK
鉢	bowl	289	RTK
銅	copper	290	RTK
釣	angling	291	RTK
針	needle	292	RTK
銘	inscription	293	RTK
鎮	tranquillize	294	RTK
道	road-way	295	RTK
導	guidance	296	RTK
辻	crossing	297	RTK
迅	swift	298	RTK
造	create	299	RTK
迫	urge	300	RTK
逃	escape	301	RTK
辺	environs	302	RTK
巡	patrol	303	RTK
車	car	304	RTK
連	take along	305	RTK
軌	rut	306	RTK
輸	transport	307	RTK
喩・喻	metaphor	308	RTK
前	in front	309	RTK
煎	roast	310	RTK
各	each	311	RTK
格	status	312	RTK
賂	graft	313	RTK
略	abbreviation	314	RTK
客	guest	315	RTK
額	forehead	316	RTK
夏	summer	317	RTK
処	dispose	318	RTK
条	twig	319	RTK
落	fall	320	RTK
冗	superfluous	321	RTK
冥	Hades	322	RTK
軍	army	323	RTK
輝	radiance	324	RTK
運	carry	325	RTK
冠	crown	326	RTK
夢	dream	327	RTK
坑	pit	328	RTK
高	tall	329	RTK
享	receive	330	RTK
塾	cram school	331	RTK
熟	mellow	332	RTK
亭	pavilion	333	RTK
京	capital	334	RTK
涼	refreshing	335	RTK
景	scenery	336	RTK
鯨	whale	337	RTK
舎	cottage	338	RTK
周	circumference	339	RTK
週	week	340	RTK
士	gentleman	341	RTK
吉	good luck	342	RTK
壮	robust	343	RTK
荘	villa	344	RTK
売	sell	345	RTK
学	study	346	RTK
覚	memorize	347	RTK
栄	flourish	348	RTK
書	write	349	RTK
津	haven	350	RTK
牧	breed	351	RTK
攻	aggression	352	RTK
敗	failure	353	RTK
枚	a sheet of	354	RTK
故	happenstance	355	RTK
敬	awe	356	RTK
言	say	357	RTK
警	admonish	358	RTK
計	plot	359	RTK
詮	elucidate	360	RTK
獄	prison	361	RTK
訂	revise	362	RTK
訃	obituary	363	RTK
討	chastise	364	RTK
訓	instruction	365	RTK
詔	imperial edict	366	RTK
詰	packed	367	RTK
話	tale	368	RTK
詠	recitation	369	RTK
詩	poem	370	RTK
語	word	371	RTK
読	read	372	RTK
調	tune	373	RTK
談	discuss	374	RTK
諾	consent	375	RTK
諭	rebuke	376	RTK
式	style	377	RTK
試	test	378	RTK
弐	II (two)	379	RTK
域	range	380	RTK
賊	burglar	381	RTK
栽	plantation	382	RTK
載	load	383	RTK
茂	overgrown	384	RTK
戚	relatives	385	RTK
成	turn into	386	RTK
城	castle	387	RTK
誠	sincerity	388	RTK
威	intimidate	389	RTK
滅	destroy	390	RTK
減	dwindle	391	RTK
蔑	revile	392	RTK
桟	scaffold	393	RTK
銭	coin	394	RTK
浅	shallow	395	RTK
止	stop	396	RTK
歩	walk	397	RTK
渉	ford	398	RTK
頻	repeatedly	399	RTK
肯	agreement	400	RTK
企	undertake	401	RTK
歴	curriculum	402	RTK
武	warrior	403	RTK
賦	levy	404	RTK
正	correct	405	RTK
証	evidence	406	RTK
政	politics	407	RTK
定	determine	408	RTK
錠	lock	409	RTK
走	run	410	RTK
超	transcend	411	RTK
赴	proceed	412	RTK
越	surpass	413	RTK
是	just so	414	RTK
題	topic	415	RTK
堤	dike	416	RTK
建	build	417	RTK
鍵	key	418	RTK
延	prolong	419	RTK
誕	nativity	420	RTK
礎	cornerstone	421	RTK
婿	bridegroom	422	RTK
衣	garment	423	RTK
裁	tailor	424	RTK
装	attire	425	RTK
裏	back	426	RTK
壊	demolition	427	RTK
哀	pathetic	428	RTK
遠	distant	429	RTK
猿	monkey	430	RTK
初	first time	431	RTK
巾	towel	432	RTK
布	linen	433	RTK
帆	sail	434	RTK
幅	hanging scroll	435	RTK
帽	cap	436	RTK
幕	curtain	437	RTK
幌	canopy	438	RTK
錦	brocade	439	RTK
市	market	440	RTK
柿	persimmon	441	RTK
姉	elder sister	442	RTK
肺	lungs	443	RTK
帯	sash	444	RTK
滞	stagnate	445	RTK
刺	thorn	446	RTK
制	system	447	RTK
製	made in...	448	RTK
転	revolve	449	RTK
芸	technique	450	RTK
雨	rain	451	RTK
雲	cloud	452	RTK
曇	cloudy weather	453	RTK
雷	thunder	454	RTK
霜	frost	455	RTK
冬	winter	456	RTK
天	heavens	457	RTK
妖	bewitched	458	RTK
沃	irrigate	459	RTK
橋	bridge	460	RTK
嬌	attractive	461	RTK
立	stand up	462	RTK
泣	cry	463	RTK
章	badge	464	RTK
競	vie	465	RTK
帝	sovereign	466	RTK
諦	renunciation	467	RTK
童	juvenile	468	RTK
瞳	pupil	469	RTK
鐘	bell	470	RTK
商	make a deal	471	RTK
嫡	legitimate wife	472	RTK
適	suitable	473	RTK
滴	drip	474	RTK
敵	enemy	475	RTK
匕	spoon	476	RTK
叱	scold	477	RTK
匂	aroma	478	RTK
頃	about that time	479	RTK
北	north	480	RTK
背	stature	481	RTK
比	compare	482	RTK
昆	descendants	483	RTK
皆	all	484	RTK
楷	block letters	485	RTK
諧	orderliness	486	RTK
混	mix	487	RTK
渇	thirst	488	RTK
謁	audience	489	RTK
褐	brown	490	RTK
喝	hoarse	491	RTK
葛	kudzu	492	RTK
旨	delicious	493	RTK
脂	fat	494	RTK
詣	visit a shrine	495	RTK
壱	I (one)	496	RTK
毎	every	497	RTK
敏	cleverness	498	RTK
梅	plum	499	RTK
海	sea	500	RTK
乞	beg	501	RTK
乾	drought	502	RTK
腹	abdomen	503	RTK
複	duplicate	504	RTK
欠	lack	505	RTK
吹	blow	506	RTK
炊	cook	507	RTK
歌	song	508	RTK
軟	soft	509	RTK
次	next	510	RTK
茨	briar	511	RTK
資	assets	512	RTK
姿	figure	513	RTK
諮	consult with	514	RTK
賠	compensation	515	RTK
培	cultivate	516	RTK
剖	divide	517	RTK
音	sound	518	RTK
暗	darkness	519	RTK
韻	rhyme	520	RTK
識	discriminating	521	RTK
鏡	mirror	522	RTK
境	boundary	523	RTK
亡	deceased	524	RTK
盲	blind	525	RTK
妄	delusion	526	RTK
荒	laid waste	527	RTK
望	ambition	528	RTK
方	direction	529	RTK
妨	disturb	530	RTK
坊	boy	531	RTK
芳	perfumed	532	RTK
肪	obese	533	RTK
訪	call on	534	RTK
放	set free	535	RTK
激	violent	536	RTK
脱	undress	537	RTK
説	explanation	538	RTK
鋭	pointed	539	RTK
曽	formerly	540	RTK
増	increase	541	RTK
贈	presents	542	RTK
東	east	543	RTK
棟	ridgepole	544	RTK
凍	frozen	545	RTK
妊	pregnancy	546	RTK
廷	courts	547	RTK
染	dye	548	RTK
燃	burn	549	RTK
賓	V.I.P.	550	RTK
歳	year-end	551	RTK
県	prefecture	552	RTK
栃	horse chestnut	553	RTK
地	ground	554	RTK
池	pond	555	RTK
虫	insect	556	RTK
蛍	lightning bug	557	RTK
蛇	snake	558	RTK
虹	rainbow	559	RTK
蝶	butterfly	560	RTK
独	single	561	RTK
蚕	silkworm	562	RTK
風	wind	563	RTK
己	self	564	RTK
起	rouse	565	RTK
妃	queen	566	RTK
改	reformation	567	RTK
記	scribe	568	RTK
包	wrap	569	RTK
胞	placenta	570	RTK
砲	cannon	571	RTK
泡	bubble	572	RTK
亀	tortoise	573	RTK
電	electricity	574	RTK
竜	dragon	575	RTK
滝	waterfall	576	RTK
豚	pork	577	RTK
逐	pursue	578	RTK
遂	consummate	579	RTK
家	house	580	RTK
嫁	marry into	581	RTK
豪	overpowering	582	RTK
腸	intestines	583	RTK
場	location	584	RTK
湯	hot water	585	RTK
羊	sheep	586	RTK
美	beauty	587	RTK
洋	ocean	588	RTK
詳	detailed	589	RTK
鮮	fresh	590	RTK
達	accomplished	591	RTK
羨	envious	592	RTK
差	distinction	593	RTK
着	don	594	RTK
唯	solely	595	RTK
堆	piled high	596	RTK
椎	sweet oak	597	RTK
誰	who	598	RTK
焦	char	599	RTK
礁	reef	600	RTK
集	gather	601	RTK
准	quasi-	602	RTK
進	advance	603	RTK
雑	miscellaneous	604	RTK
雌	female	605	RTK
準	semi-	606	RTK
奮	stirred up	607	RTK
奪	rob	608	RTK
確	assurance	609	RTK
午	noon	610	RTK
許	permit	611	RTK
歓	delight	612	RTK
権	authority	613	RTK
観	outlook	614	RTK
羽	feathers	615	RTK
習	learn	616	RTK
翌	the following	617	RTK
曜	weekday	618	RTK
濯	laundry	619	RTK
曰	sayeth	620	RTK
困	quandary	621	RTK
固	harden	622	RTK
錮	weld	623	RTK
国	country	624	RTK
団	group	625	RTK
因	cause	626	RTK
姻	matrimony	627	RTK
咽	windpipe	628	RTK
園	park	629	RTK
回	-times	630	RTK
壇	podium	631	RTK
店	store	632	RTK
庫	warehouse	633	RTK
庭	courtyard	634	RTK
庁	government office	635	RTK
床	bed	636	RTK
麻	hemp	637	RTK
磨	grind	638	RTK
心	heart	639	RTK
忘	forget	640	RTK
恣	selfish	641	RTK
忍	endure	642	RTK
認	acknowledge	643	RTK
忌	mourning	644	RTK
志	intention	645	RTK
誌	document	646	RTK
芯	wick	647	RTK
忠	loyalty	648	RTK
串	shish kebab	649	RTK
患	afflicted	650	RTK
思	think	651	RTK
恩	grace	652	RTK
応	apply	653	RTK
意	idea	654	RTK
臆	cowardice	655	RTK
想	concept	656	RTK
息	breath	657	RTK
憩	recess	658	RTK
恵	favor	659	RTK
恐	fear	660	RTK
惑	beguile	661	RTK
感	emotion	662	RTK
憂	melancholy	663	RTK
寡	widow	664	RTK
忙	busy	665	RTK
悦	ecstasy	666	RTK
恒	constancy	667	RTK
悼	lament	668	RTK
悟	enlightenment	669	RTK
怖	dreadful	670	RTK
慌	disconcerted	671	RTK
悔	repent	672	RTK
憎	hate	673	RTK
慣	accustomed	674	RTK
愉	pleasure	675	RTK
惰	lazy	676	RTK
慎	humility	677	RTK
憾	remorse	678	RTK
憶	recollection	679	RTK
惧	disquieting	680	RTK
憧	yearn	681	RTK
憬	hanker	682	RTK
慕	pining	683	RTK
添	annexed	684	RTK
必	invariably	685	RTK
泌	ooze	686	RTK
手	hand	687	RTK
看	watch over	688	RTK
摩	chafe	689	RTK
我	ego	690	RTK
義	righteousness	691	RTK
議	deliberation	692	RTK
犠	sacrifice	693	RTK
抹	rub	694	RTK
拭	wipe	695	RTK
拉	yank	696	RTK
抱	embrace	697	RTK
搭	board	698	RTK
抄	extract	699	RTK
抗	confront	700	RTK
批	criticism	701	RTK
招	beckon	702	RTK
拓	clear the land	703	RTK
拍	clap	704	RTK
打	strike	705	RTK
拘	arrest	706	RTK
捨	discard	707	RTK
拐	kidnap	708	RTK
摘	pinch	709	RTK
挑	challenge	710	RTK
指	finger	711	RTK
持	hold	712	RTK
拶	imminent	713	RTK
括	fasten	714	RTK
揮	brandish	715	RTK
推	conjecture	716	RTK
揚	hoist	717	RTK
提	propose	718	RTK
損	damage	719	RTK
拾	pick up	720	RTK
担	shouldering	721	RTK
拠	foothold	722	RTK
描	sketch	723	RTK
操	maneuver	724	RTK
接	touch	725	RTK
掲	put up a notice	726	RTK
掛	hang	727	RTK
捗	make headway	728	RTK
研	polish	729	RTK
戒	commandment	730	RTK
弄	tinker with	731	RTK
械	contraption	732	RTK
鼻	nose	733	RTK
刑	punish	734	RTK
型	mould	735	RTK
才	genius	736	RTK
財	property	737	RTK
材	lumber	738	RTK
存	suppose	739	RTK
在	exist	740	RTK
乃	from	741	RTK
携	portable	742	RTK
及	reach out	743	RTK
吸	suck	744	RTK
扱	handle	745	RTK
丈	length	746	RTK
史	history	747	RTK
吏	officer	748	RTK
更	grow late	749	RTK
硬	stiff	750	RTK
梗	spiny	751	RTK
又	or again	752	RTK
双	pair	753	RTK
桑	mulberry	754	RTK
隻	vessels	755	RTK
護	safeguard	756	RTK
獲	seize	757	RTK
奴	guy	758	RTK
怒	angry	759	RTK
友	friend	760	RTK
抜	slip out	761	RTK
投	throw	762	RTK
没	drown	763	RTK
股	thigh	764	RTK
設	establishment	765	RTK
撃	beat	766	RTK
殻	husk	767	RTK
支	branch	768	RTK
技	skill	769	RTK
枝	bough	770	RTK
肢	limb	771	RTK
茎	stalk	772	RTK
怪	suspicious	773	RTK
軽	lightly	774	RTK
叔	uncle	775	RTK
督	coach	776	RTK
寂	loneliness	777	RTK
淑	graceful	778	RTK
反	anti-	779	RTK
坂	slope	780	RTK
板	plank	781	RTK
返	return	782	RTK
販	marketing	783	RTK
爪	claw	784	RTK
妥	gentle	785	RTK
乳	milk	786	RTK
浮	floating	787	RTK
淫	lewd	788	RTK
将	leader	789	RTK
奨	exhort	790	RTK
采	grab	791	RTK
採	pick	792	RTK
菜	vegetable	793	RTK
受	accept	794	RTK
授	impart	795	RTK
愛	love	796	RTK
曖	unclear	797	RTK
払	pay	798	RTK
広	wide	799	RTK
勾	hooked	800	RTK
拡	broaden	801	RTK
鉱	mineral	802	RTK
弁	valve	803	RTK
雄	male	804	RTK
台	pedestal	805	RTK
怠	neglect	806	RTK
治	reign	807	RTK
冶	metallurgy	808	RTK
始	commence	809	RTK
胎	womb	810	RTK
窓	window	811	RTK
去	gone	812	RTK
法	method	813	RTK
会	meeting	814	RTK
至	climax	815	RTK
室	room	816	RTK
到	arrival	817	RTK
致	doth	818	RTK
互	mutually	819	RTK
棄	abandon	820	RTK
育	bring up	821	RTK
撤	remove	822	RTK
充	allot	823	RTK
銃	gun	824	RTK
硫	sulfur	825	RTK
流	current	826	RTK
允	license	827	RTK
唆	tempt	828	RTK
出	exit	829	RTK
山	mountain	830	RTK
拙	bungling	831	RTK
岩	boulder	832	RTK
炭	charcoal	833	RTK
岐	branch off	834	RTK
峠	mountain pass	835	RTK
崩	crumble	836	RTK
密	secrecy	837	RTK
蜜	honey	838	RTK
嵐	storm	839	RTK
崎	promontory	840	RTK
崖	bluffs	841	RTK
入	enter	842	RTK
込	crowded	843	RTK
分	part	844	RTK
貧	poverty	845	RTK
頒	partition	846	RTK
公	public	847	RTK
松	pine tree	848	RTK
翁	venerable old man	849	RTK
訟	sue	850	RTK
谷	valley	851	RTK
浴	bathe	852	RTK
容	contain	853	RTK
溶	melt	854	RTK
欲	longing	855	RTK
裕	abundant	856	RTK
鉛	lead (metal)	857	RTK
沿	run alongside	858	RTK
賞	prize	859	RTK
党	party	860	RTK
堂	hall	861	RTK
常	usual	862	RTK
裳	skirt	863	RTK
掌	manipulate	864	RTK
皮	pelt	865	RTK
波	waves	866	RTK
婆	old woman	867	RTK
披	expose	868	RTK
破	rend	869	RTK
被	incur	870	RTK
残	remainder	871	RTK
殉	martyrdom	872	RTK
殊	particularly	873	RTK
殖	augment	874	RTK
列	file	875	RTK
裂	split	876	RTK
烈	ardent	877	RTK
死	death	878	RTK
葬	interment	879	RTK
瞬	wink	880	RTK
耳	ear	881	RTK
取	take	882	RTK
趣	gist	883	RTK
最	utmost	884	RTK
撮	snapshot	885	RTK
恥	shame	886	RTK
職	post	887	RTK
聖	holy	888	RTK
敢	daring	889	RTK
聴	listen	890	RTK
懐	pocket	891	RTK
慢	ridicule	892	RTK
漫	loose	893	RTK
買	buy	894	RTK
置	placement	895	RTK
罰	penalty	896	RTK
寧	rather	897	RTK
濁	voiced	898	RTK
環	ring	899	RTK
還	send back	900	RTK
夫	husband	901	RTK
扶	aid	902	RTK
渓	mountain stream	903	RTK
規	standard	904	RTK
替	exchange	905	RTK
賛	approve	906	RTK
潜	submerge	907	RTK
失	lose	908	RTK
鉄	iron	909	RTK
迭	alternate	910	RTK
臣	retainer	911	RTK
姫	princess	912	RTK
蔵	storehouse	913	RTK
臓	entrails	914	RTK
賢	intelligent	915	RTK
腎	kidney	916	RTK
堅	strict	917	RTK
臨	look to	918	RTK
覧	perusal	919	RTK
巨	gigantic	920	RTK
拒	repel	921	RTK
力	power	922	RTK
男	man	923	RTK
労	labor	924	RTK
募	recruit	925	RTK
劣	inferiority	926	RTK
功	achievement	927	RTK
勧	persuade	928	RTK
努	toil	929	RTK
勃	uprising	930	RTK
励	encourage	931	RTK
加	add	932	RTK
賀	congratulations	933	RTK
架	erect	934	RTK
脇	armpit	935	RTK
脅	threaten	936	RTK
協	co-	937	RTK
行	going	938	RTK
律	rhythm	939	RTK
復	restore	940	RTK
得	gain	941	RTK
従	accompany	942	RTK
徒	junior	943	RTK
待	wait	944	RTK
往	journey	945	RTK
征	subjugate	946	RTK
径	diameter	947	RTK
彼	he	948	RTK
役	duty	949	RTK
徳	benevolence	950	RTK
徹	penetrate	951	RTK
徴	indications	952	RTK
懲	penal	953	RTK
微	delicate	954	RTK
街	boulevard	955	RTK
桁	girder	956	RTK
衡	equilibrium	957	RTK
稿	draft	958	RTK
稼	earnings	959	RTK
程	extent	960	RTK
税	tax	961	RTK
稚	immature	962	RTK
和	harmony	963	RTK
移	shift	964	RTK
秒	second	965	RTK
秋	autumn	966	RTK
愁	distress	967	RTK
私	private	968	RTK
秩	regularity	969	RTK
秘	secret	970	RTK
称	appellation	971	RTK
利	profit	972	RTK
梨	pear tree	973	RTK
穫	harvest	974	RTK
穂	ear of a plant	975	RTK
稲	rice plant	976	RTK
香	incense	977	RTK
季	seasons	978	RTK
委	committee	979	RTK
秀	excel	980	RTK
透	transparent	981	RTK
誘	entice	982	RTK
稽	training	983	RTK
穀	cereals	984	RTK
菌	germ	985	RTK
萎	numb	986	RTK
米	rice	987	RTK
粉	flour	988	RTK
粘	sticky	989	RTK
粒	grains	990	RTK
粧	cosmetics	991	RTK
迷	astray	992	RTK
粋	chic	993	RTK
謎	riddle	994	RTK
糧	provisions	995	RTK
菊	chrysanthemum	996	RTK
奥	core	997	RTK
数	number	998	RTK
楼	watchtower	999	RTK
類	sort	1000	RTK
漆	lacquer	1001	RTK
膝	knee	1002	RTK
様	Esq.	1003	RTK
求	request	1004	RTK
球	ball	1005	RTK
救	salvation	1006	RTK
竹	bamboo	1007	RTK
笑	laugh	1008	RTK
笠	bamboo hat	1009	RTK
笹	bamboo grass	1010	RTK
箋・䇳	stationery	1011	RTK
筋	muscle	1012	RTK
箱	box	1013	RTK
筆	writing brush	1014	RTK
筒	cylinder	1015	RTK
等	etc.	1016	RTK
算	calculate	1017	RTK
答	solution	1018	RTK
策	scheme	1019	RTK
簿	register	1020	RTK
築	fabricate	1021	RTK
篭・籠	basket	1022	RTK
人	person	1023	RTK
佐	assistant	1024	RTK
侶	partner	1025	RTK
但	however	1026	RTK
住	dwell	1027	RTK
位	rank	1028	RTK
仲	go-between	1029	RTK
体	body	1030	RTK
悠	remote	1031	RTK
件	affair	1032	RTK
仕	attend	1033	RTK
他	other	1034	RTK
伏	prostrated	1035	RTK
伝	transmit	1036	RTK
仏	Buddha	1037	RTK
休	rest	1038	RTK
仮	provisional	1039	RTK
伎	performing artist	1040	RTK
伯	chief	1041	RTK
俗	vulgar	1042	RTK
信	faith	1043	RTK
佳	excellent	1044	RTK
依	reliant	1045	RTK
例	example	1046	RTK
個	individual	1047	RTK
健	healthy	1048	RTK
側	side	1049	RTK
侍	waiter	1050	RTK
停	halt	1051	RTK
値	price	1052	RTK
倣	emulate	1053	RTK
傲	arrogance	1054	RTK
倒	overthrow	1055	RTK
偵	spy	1056	RTK
僧	Buddhist priest	1057	RTK
億	hundred million	1058	RTK
儀	ceremony	1059	RTK
償	reparation	1060	RTK
仙	hermit	1061	RTK
催	sponsor	1062	RTK
仁	humanity	1063	RTK
侮	scorn	1064	RTK
使	use	1065	RTK
便	convenience	1066	RTK
倍	double	1067	RTK
優	tenderness	1068	RTK
伐	fell	1069	RTK
宿	inn	1070	RTK
傷	wound	1071	RTK
保	protect	1072	RTK
褒	praise	1073	RTK
傑	greatness	1074	RTK
付	adhere	1075	RTK
符	token	1076	RTK
府	municipality	1077	RTK
任	responsibility	1078	RTK
賃	fare	1079	RTK
代	substitute	1080	RTK
袋	sack	1081	RTK
貸	lend	1082	RTK
化	change	1083	RTK
花	flower	1084	RTK
貨	freight	1085	RTK
傾	lean	1086	RTK
何	what	1087	RTK
荷	baggage	1088	RTK
俊	sagacious	1089	RTK
傍	bystander	1090	RTK
俺	myself	1091	RTK
久	long time	1092	RTK
畝	furrow	1093	RTK
囚	captured	1094	RTK
内	inside	1095	RTK
丙	third class	1096	RTK
柄	design	1097	RTK
肉	meat	1098	RTK
腐	rot	1099	RTK
座	sit	1100	RTK
挫	sprain	1101	RTK
卒	graduate	1102	RTK
傘	umbrella	1103	RTK
匁	monme	1104	RTK
以	by means of	1105	RTK
似	similar	1106	RTK
併	join	1107	RTK
瓦	tile	1108	RTK
瓶	flower pot	1109	RTK
宮	Shinto shrine	1110	RTK
営	occupation	1111	RTK
善	virtuous	1112	RTK
膳	dining tray	1113	RTK
年	year	1114	RTK
夜	night	1115	RTK
液	fluid	1116	RTK
塚	hillock	1117	RTK
幣	cash	1118	RTK
蔽	cover over	1119	RTK
弊	abuse	1120	RTK
喚	yell	1121	RTK
換	interchange	1122	RTK
融	dissolve	1123	RTK
施	alms	1124	RTK
旋	rotation	1125	RTK
遊	play	1126	RTK
旅	trip	1127	RTK
勿	not	1128	RTK
物	thing	1129	RTK
易	easy	1130	RTK
賜	grant	1131	RTK
尿	urine	1132	RTK
尼	nun	1133	RTK
尻	buttocks	1134	RTK
泥	mud	1135	RTK
塀	fence	1136	RTK
履	footgear	1137	RTK
屋	roof	1138	RTK
握	grip	1139	RTK
屈	yield	1140	RTK
掘	dig	1141	RTK
堀	ditch	1142	RTK
居	reside	1143	RTK
据	set	1144	RTK
裾	hem	1145	RTK
層	stratum	1146	RTK
局	bureau	1147	RTK
遅	slow	1148	RTK
漏	leak	1149	RTK
刷	printing	1150	RTK
尺	shaku	1151	RTK
尽	exhaust	1152	RTK
沢	swamp	1153	RTK
訳	translate	1154	RTK
択	choose	1155	RTK
昼	daytime	1156	RTK
戸	door	1157	RTK
肩	shoulder	1158	RTK
房	tassel	1159	RTK
扇	fan	1160	RTK
炉	hearth	1161	RTK
戻	re-	1162	RTK
涙	tears	1163	RTK
雇	employ	1164	RTK
顧	look back	1165	RTK
啓	disclose	1166	RTK
示	show	1167	RTK
礼	salutation	1168	RTK
祥	auspicious	1169	RTK
祝	celebrate	1170	RTK
福	blessing	1171	RTK
祉	welfare	1172	RTK
社	company	1173	RTK
視	inspection	1174	RTK
奈	Nara	1175	RTK
尉	military officer	1176	RTK
慰	consolation	1177	RTK
款	goodwill	1178	RTK
禁	prohibition	1179	RTK
襟	collar	1180	RTK
宗	religion	1181	RTK
崇	adore	1182	RTK
祭	ritual	1183	RTK
察	guess	1184	RTK
擦	grate	1185	RTK
由	wherefore	1186	RTK
抽	pluck	1187	RTK
油	oil	1188	RTK
袖	sleeve	1189	RTK
宙	mid-air	1190	RTK
届	deliver	1191	RTK
笛	flute	1192	RTK
軸	axis	1193	RTK
甲	armor	1194	RTK
押	push	1195	RTK
岬	headland	1196	RTK
挿	insert	1197	RTK
申	speaketh	1198	RTK
伸	expand	1199	RTK
神	gods	1200	RTK
捜	search	1201	RTK
果	fruit	1202	RTK
菓	confectionary	1203	RTK
課	chapter	1204	RTK
裸	naked	1205	RTK
斤	ax	1206	RTK
析	chop	1207	RTK
所	place	1208	RTK
祈	pray	1209	RTK
近	near	1210	RTK
折	fold	1211	RTK
哲	philosophy	1212	RTK
逝	departed	1213	RTK
誓	vow	1214	RTK
斬	chop off	1215	RTK
暫	temporarily	1216	RTK
漸	steadily	1217	RTK
断	severance	1218	RTK
質	substance	1219	RTK
斥	reject	1220	RTK
訴	accusation	1221	RTK
昨	yesterday	1222	RTK
詐	lie	1223	RTK
作	make	1224	RTK
雪	snow	1225	RTK
録	record	1226	RTK
剥・剝	peel off	1227	RTK
尋	inquire	1228	RTK
急	hurry	1229	RTK
穏	calm	1230	RTK
侵	encroach	1231	RTK
浸	immersed	1232	RTK
寝	lie down	1233	RTK
婦	lady	1234	RTK
掃	sweep	1235	RTK
当	hit	1236	RTK
彙	glossary	1237	RTK
争	contend	1238	RTK
浄	clean	1239	RTK
事	matter	1240	RTK
唐	T'ang	1241	RTK
糖	sugar	1242	RTK
康	sane	1243	RTK
逮	apprehend	1244	RTK
伊	Italy	1245	RTK
君	old boy	1246	RTK
群	flock	1247	RTK
耐	-proof	1248	RTK
需	demand	1249	RTK
儒	Confucian	1250	RTK
端	edge	1251	RTK
両	both	1252	RTK
満	full	1253	RTK
画	brush-stroke	1254	RTK
歯	tooth	1255	RTK
曲	bend	1256	RTK
曹	cadet	1257	RTK
遭	encounter	1258	RTK
漕	rowing	1259	RTK
槽	vat	1260	RTK
斗	Big Dipper	1261	RTK
料	fee	1262	RTK
科	department	1263	RTK
図	map	1264	RTK
用	utilize	1265	RTK
庸	comfortable	1266	RTK
備	equip	1267	RTK
昔	once upon a time	1268	RTK
錯	confused	1269	RTK
借	borrow	1270	RTK
惜	pity	1271	RTK
措	set aside	1272	RTK
散	scatter	1273	RTK
廿	twenty	1274	RTK
庶	commoner	1275	RTK
遮	intercept	1276	RTK
席	seat	1277	RTK
度	degrees	1278	RTK
渡	transit	1279	RTK
奔	bustle	1280	RTK
噴	erupt	1281	RTK
墳	tomb	1282	RTK
憤	aroused	1283	RTK
焼	bake	1284	RTK
暁	daybreak	1285	RTK
半	half	1286	RTK
伴	consort	1287	RTK
畔	paddy ridge	1288	RTK
判	judgment	1289	RTK
拳	fist	1290	RTK
券	ticket	1291	RTK
巻	scroll	1292	RTK
圏	sphere	1293	RTK
勝	victory	1294	RTK
藤	wisteria	1295	RTK
謄	facsimilie	1296	RTK
片	one-sided	1297	RTK
版	printing block	1298	RTK
之	of	1299	RTK
乏	destitution	1300	RTK
芝	turf	1301	RTK
不	negative	1302	RTK
否	negate	1303	RTK
杯	cupfuls	1304	RTK
矢	dart	1305	RTK
矯	rectify	1306	RTK
族	tribe	1307	RTK
知	know	1308	RTK
智	wisdom	1309	RTK
挨	shove	1310	RTK
矛	halberd	1311	RTK
柔	tender	1312	RTK
務	task	1313	RTK
霧	fog	1314	RTK
班	squad	1315	RTK
帰	homecoming	1316	RTK
弓	bow	1317	RTK
引	pull	1318	RTK
弔	condolences	1319	RTK
弘	vast	1320	RTK
強	strong	1321	RTK
弥	more and more	1322	RTK
弱	weak	1323	RTK
溺	drowning	1324	RTK
沸	seethe	1325	RTK
費	expense	1326	RTK
第	No.	1327	RTK
弟	younger brother	1328	RTK
巧	adroit	1329	RTK
号	nickname	1330	RTK
朽	decay	1331	RTK
誇	boast	1332	RTK
顎	chin	1333	RTK
汚	dirty	1334	RTK
与	bestow	1335	RTK
写	copy	1336	RTK
身	somebody	1337	RTK
射	shoot	1338	RTK
謝	apologize	1339	RTK
老	old man	1340	RTK
考	consider	1341	RTK
孝	filial piety	1342	RTK
教	teach	1343	RTK
拷	torture	1344	RTK
者	someone	1345	RTK
煮	boil	1346	RTK
著	renowned	1347	RTK
箸	chopsticks	1348	RTK
署	signature	1349	RTK
暑	sultry	1350	RTK
諸	various	1351	RTK
猪	boar	1352	RTK
渚	strand	1353	RTK
賭	gamble	1354	RTK
峡	gorge	1355	RTK
狭	cramped	1356	RTK
挟	sandwiched	1357	RTK
頬・頰	cheek	1358	RTK
追	chase	1359	RTK
阜	large hill	1360	RTK
師	expert	1361	RTK
帥	commander	1362	RTK
官	bureaucrat	1363	RTK
棺	coffin	1364	RTK
管	pipe	1365	RTK
父	father	1366	RTK
釜	cauldron	1367	RTK
交	mingle	1368	RTK
効	merit	1369	RTK
較	contrast	1370	RTK
校	exam	1371	RTK
足	leg	1372	RTK
促	stimulate	1373	RTK
捉	nab	1374	RTK
距	long-distance	1375	RTK
路	path	1376	RTK
露	dew	1377	RTK
跳	hop	1378	RTK
躍	leap	1379	RTK
践	tread	1380	RTK
踏	step	1381	RTK
踪	trail	1382	RTK
骨	skeleton	1383	RTK
滑	slippery	1384	RTK
髄	marrow	1385	RTK
禍	calamity	1386	RTK
渦	whirlpool	1387	RTK
鍋	pot	1388	RTK
過	overdo	1389	RTK
阪	Heights	1390	RTK
阿	Africa	1391	RTK
際	occasion	1392	RTK
障	hinder	1393	RTK
隙	chink	1394	RTK
随	follow	1395	RTK
陪	auxiliary	1396	RTK
陽	sunshine	1397	RTK
陳	line up	1398	RTK
防	ward off	1399	RTK
附	affixed	1400	RTK
院	Inst.	1401	RTK
陣	camp	1402	RTK
隊	regiment	1403	RTK
墜	crash	1404	RTK
降	descend	1405	RTK
階	story	1406	RTK
陛	highness	1407	RTK
隣	neighboring	1408	RTK
隔	isolate	1409	RTK
隠	conceal	1410	RTK
堕	degenerate	1411	RTK
陥	collapse	1412	RTK
穴	hole	1413	RTK
空	empty	1414	RTK
控	withdraw	1415	RTK
突	stab	1416	RTK
究	research	1417	RTK
窒	plug up	1418	RTK
窃	stealth	1419	RTK
窟	cavern	1420	RTK
窪	depression	1421	RTK
搾	squeeze	1422	RTK
窯	kiln	1423	RTK
窮	hard up	1424	RTK
探	grope	1425	RTK
深	deep	1426	RTK
丘	hill	1427	RTK
岳	Point	1428	RTK
兵	soldier	1429	RTK
浜	seacoast	1430	RTK
糸	thread	1431	RTK
織	weave	1432	RTK
繕	darning	1433	RTK
縮	shrink	1434	RTK
繁	luxuriant	1435	RTK
縦	vertical	1436	RTK
緻	fine	1437	RTK
線	line	1438	RTK
綻	come apart at the seams	1439	RTK
締	tighten	1440	RTK
維	fiber	1441	RTK
羅	gauze	1442	RTK
練	practice	1443	RTK
緒	thong	1444	RTK
続	continue	1445	RTK
絵	picture	1446	RTK
統	overall	1447	RTK
絞	strangle	1448	RTK
給	salary	1449	RTK
絡	entwine	1450	RTK
結	tie	1451	RTK
終	end	1452	RTK
級	class	1453	RTK
紀	chronicle	1454	RTK
紅	crimson	1455	RTK
納	settlement	1456	RTK
紡	spinning	1457	RTK
紛	distract	1458	RTK
紹	introduce	1459	RTK
経	sūtra	1460	RTK
紳	sire	1461	RTK
約	promise	1462	RTK
細	dainty	1463	RTK
累	accumulate	1464	RTK
索	cord	1465	RTK
総	general	1466	RTK
綿	cotton	1467	RTK
絹	silk	1468	RTK
繰	winding	1469	RTK
継	inherit	1470	RTK
緑	green	1471	RTK
縁	affinity	1472	RTK
網	netting	1473	RTK
緊	tense	1474	RTK
紫	purple	1475	RTK
縛	truss	1476	RTK
縄	straw rope	1477	RTK
幼	infancy	1478	RTK
後	behind	1479	RTK
幽	faint	1480	RTK
幾	how many	1481	RTK
機	mechanism	1482	RTK
畿	capital suburbs	1483	RTK
玄	mysterious	1484	RTK
畜	livestock	1485	RTK
蓄	amass	1486	RTK
弦	bowstring	1487	RTK
擁	hug	1488	RTK
滋	nourishing	1489	RTK
慈	mercy	1490	RTK
磁	magnet	1491	RTK
系	lineage	1492	RTK
係	person in charge	1493	RTK
孫	grandchild	1494	RTK
懸	suspend	1495	RTK
遜	modest	1496	RTK
却	instead	1497	RTK
脚	shins	1498	RTK
卸	wholesale	1499	RTK
御	honorable	1500	RTK
服	clothing	1501	RTK
命	fate	1502	RTK
令	orders	1503	RTK
零	zero	1504	RTK
齢	age	1505	RTK
冷	cool	1506	RTK
領	jurisdiction	1507	RTK
鈴	small bell	1508	RTK
勇	courage	1509	RTK
湧	bubble up	1510	RTK
通	traffic	1511	RTK
踊	jump	1512	RTK
疑	doubt	1513	RTK
擬	mimic	1514	RTK
凝	congeal	1515	RTK
範	pattern	1516	RTK
犯	crime	1517	RTK
氾	widespread	1518	RTK
厄	unlucky	1519	RTK
危	dangerous	1520	RTK
宛	address	1521	RTK
腕	arm	1522	RTK
苑	garden	1523	RTK
怨	grudge	1524	RTK
柳	willow	1525	RTK
卵	egg	1526	RTK
留	detain	1527	RTK
瑠	marine blue	1528	RTK
貿	trade	1529	RTK
印	stamp	1530	RTK
臼	mortar	1531	RTK
毀	break	1532	RTK
興	entertain	1533	RTK
酉	sign of the bird	1534	RTK
酒	saké	1535	RTK
酌	bartending	1536	RTK
酎	hooch	1537	RTK
酵	fermentation	1538	RTK
酷	cruel	1539	RTK
酬	repay	1540	RTK
酪	dairy products	1541	RTK
酢	vinegar	1542	RTK
酔	drunk	1543	RTK
配	distribute	1544	RTK
酸	acid	1545	RTK
猶	waver	1546	RTK
尊	revered	1547	RTK
豆	beans	1548	RTK
頭	head	1549	RTK
短	short	1550	RTK
豊	bountiful	1551	RTK
鼓	drum	1552	RTK
喜	rejoice	1553	RTK
樹	timber-trees	1554	RTK
皿	dish	1555	RTK
血	blood	1556	RTK
盆	basin	1557	RTK
盟	alliance	1558	RTK
盗	steal	1559	RTK
温	warm	1560	RTK
蓋	lid	1561	RTK
監	oversee	1562	RTK
濫	overflow	1563	RTK
鑑	specimen	1564	RTK
藍	indigo	1565	RTK
猛	fierce	1566	RTK
盛	boom	1567	RTK
塩	salt	1568	RTK
銀	silver	1569	RTK
恨	resentment	1570	RTK
根	root	1571	RTK
即	instant	1572	RTK
爵	baron	1573	RTK
節	node	1574	RTK
退	retreat	1575	RTK
限	limit	1576	RTK
眼	eyeball	1577	RTK
良	good	1578	RTK
朗	melodious	1579	RTK
浪	wandering	1580	RTK
娘	daughter	1581	RTK
食	eat	1582	RTK
飯	meal	1583	RTK
飲	drink	1584	RTK
飢	hungry	1585	RTK
餓	starve	1586	RTK
飾	decorate	1587	RTK
餌	feed	1588	RTK
館	Bldg.	1589	RTK
餅	mochi	1590	RTK
養	foster	1591	RTK
飽	sated	1592	RTK
既	previously	1593	RTK
概	outline	1594	RTK
慨	rue	1595	RTK
平	even	1596	RTK
呼	call	1597	RTK
坪	two-mat area	1598	RTK
評	evaluate	1599	RTK
刈	reap	1600	RTK
刹	moment	1601	RTK
希	hope	1602	RTK
凶	villain	1603	RTK
胸	bosom	1604	RTK
離	detach	1605	RTK
璃	crystal	1606	RTK
殺	kill	1607	RTK
爽	bracing	1608	RTK
純	genuine	1609	RTK
頓	immediate	1610	RTK
鈍	dull	1611	RTK
辛	spicy	1612	RTK
辞	resign	1613	RTK
梓	catalpa	1614	RTK
宰	superintend	1615	RTK
壁	wall	1616	RTK
璧	holed gem	1617	RTK
避	evade	1618	RTK
新	new	1619	RTK
薪	firewood	1620	RTK
親	parent	1621	RTK
幸	happiness	1622	RTK
執	tenacious	1623	RTK
摯	clasp	1624	RTK
報	report	1625	RTK
叫	shout	1626	RTK
糾	twist	1627	RTK
収	income	1628	RTK
卑	lowly	1629	RTK
碑	tombstone	1630	RTK
陸	land	1631	RTK
睦	intimate	1632	RTK
勢	forces	1633	RTK
熱	heat	1634	RTK
菱	diamond	1635	RTK
陵	mausoleum	1636	RTK
亥	sign of the hog	1637	RTK
核	nucleus	1638	RTK
刻	engrave	1639	RTK
該	above-stated	1640	RTK
骸	remains	1641	RTK
劾	censure	1642	RTK
述	mention	1643	RTK
術	art	1644	RTK
寒	cold	1645	RTK
塞	block up	1646	RTK
醸	brew	1647	RTK
譲	defer	1648	RTK
壌	lot	1649	RTK
嬢	lass	1650	RTK
毒	poison	1651	RTK
素	elementary	1652	RTK
麦	barley	1653	RTK
青	blue	1654	RTK
精	refined	1655	RTK
請	solicit	1656	RTK
情	feelings	1657	RTK
晴	clear up	1658	RTK
清	pure	1659	RTK
静	quiet	1660	RTK
責	blame	1661	RTK
績	exploits	1662	RTK
積	volume	1663	RTK
債	bond	1664	RTK
漬	pickling	1665	RTK
表	surface	1666	RTK
俵	bag	1667	RTK
潔	undefiled	1668	RTK
契	pledge	1669	RTK
喫	consume	1670	RTK
害	harm	1671	RTK
轄	control	1672	RTK
割	proportion	1673	RTK
憲	constitution	1674	RTK
生	life	1675	RTK
星	star	1676	RTK
醒	awakening	1677	RTK
姓	surname	1678	RTK
性	sex	1679	RTK
牲	animal sacrifice	1680	RTK
産	products	1681	RTK
隆	hump	1682	RTK
峰	summit	1683	RTK
蜂	bee	1684	RTK
縫	sew	1685	RTK
拝	worship	1686	RTK
寿	longevity	1687	RTK
鋳	casting	1688	RTK
籍	enroll	1689	RTK
春	springtime	1690	RTK
椿	camellia	1691	RTK
泰	peaceful	1692	RTK
奏	play music	1693	RTK
実	reality	1694	RTK
奉	dedicate	1695	RTK
俸	stipend	1696	RTK
棒	rod	1697	RTK
謹	discreet	1698	RTK
僅	trifle	1699	RTK
勤	diligence	1700	RTK
漢	Sino-	1701	RTK
嘆	sigh	1702	RTK
難	difficult	1703	RTK
華	splendor	1704	RTK
垂	droop	1705	RTK
唾	saliva	1706	RTK
睡	drowsy	1707	RTK
錘	spindle	1708	RTK
乗	ride	1709	RTK
剰	surplus	1710	RTK
今	now	1711	RTK
含	include	1712	RTK
貪	covet	1713	RTK
吟	versify	1714	RTK
念	wish	1715	RTK
捻	wrench	1716	RTK
琴	harp	1717	RTK
陰	shade	1718	RTK
予	beforehand	1719	RTK
序	preface	1720	RTK
預	deposit	1721	RTK
野	plains	1722	RTK
兼	concurrently	1723	RTK
嫌	dislike	1724	RTK
鎌	sickle	1725	RTK
謙	self-effacing	1726	RTK
廉	bargain	1727	RTK
西	west	1728	RTK
価	value	1729	RTK
要	need	1730	RTK
腰	loins	1731	RTK
票	ballot	1732	RTK
漂	drift	1733	RTK
標	signpost	1734	RTK
栗	chestnut	1735	RTK
慄	shudder	1736	RTK
遷	transition	1737	RTK
覆	capsize	1738	RTK
煙	smoke	1739	RTK
南	south	1740	RTK
楠	camphor tree	1741	RTK
献	offering	1742	RTK
門	gates	1743	RTK
問	question	1744	RTK
閲	review	1745	RTK
閥	clique	1746	RTK
間	interval	1747	RTK
闇	pitch dark	1748	RTK
簡	simplicity	1749	RTK
開	open	1750	RTK
閉	closed	1751	RTK
閣	tower	1752	RTK
閑	leisure	1753	RTK
聞	hear	1754	RTK
潤	wet	1755	RTK
欄	column	1756	RTK
闘	fight	1757	RTK
倉	godown	1758	RTK
創	genesis	1759	RTK
非	un-	1760	RTK
俳	haiku	1761	RTK
排	repudiate	1762	RTK
悲	sad	1763	RTK
罪	guilt	1764	RTK
輩	comrade	1765	RTK
扉	front door	1766	RTK
侯	marquis	1767	RTK
喉	throat	1768	RTK
候	climate	1769	RTK
決	decide	1770	RTK
快	cheerful	1771	RTK
偉	admirable	1772	RTK
違	difference	1773	RTK
緯	horizontal	1774	RTK
衛	defense	1775	RTK
韓	Korea	1776	RTK
干	dry	1777	RTK
肝	liver	1778	RTK
刊	publish	1779	RTK
汗	sweat	1780	RTK
軒	flats	1781	RTK
岸	beach	1782	RTK
幹	tree trunk	1783	RTK
芋	potato	1784	RTK
宇	eaves	1785	RTK
余	too much	1786	RTK
除	exclude	1787	RTK
徐	gradually	1788	RTK
叙	confer	1789	RTK
途	route	1790	RTK
斜	diagonal	1791	RTK
塗	paint	1792	RTK
束	bundle	1793	RTK
頼	trust	1794	RTK
瀬	rapids	1795	RTK
勅	imperial order	1796	RTK
疎	alienate	1797	RTK
辣	bitter	1798	RTK
速	quick	1799	RTK
整	organize	1800	RTK
剣	saber	1801	RTK
険	precipitous	1802	RTK
検	examination	1803	RTK
倹	frugal	1804	RTK
重	heavy	1805	RTK
動	move	1806	RTK
腫	tumor	1807	RTK
勲	meritorious deed	1808	RTK
働	work	1809	RTK
種	species	1810	RTK
衝	collide	1811	RTK
薫	fragrant	1812	RTK
病	ill	1813	RTK
痴	stupid	1814	RTK
痘	pox	1815	RTK
症	symptoms	1816	RTK
瘍	carbuncle	1817	RTK
痩	lose weight	1818	RTK
疾	rapidly	1819	RTK
嫉	envy	1820	RTK
痢	diarrhea	1821	RTK
痕	scar	1822	RTK
疲	tired	1823	RTK
疫	epidemic	1824	RTK
痛	pain	1825	RTK
癖	mannerism	1826	RTK
匿	hide	1827	RTK
匠	artisan	1828	RTK
医	doctor	1829	RTK
匹	equal	1830	RTK
区	ward	1831	RTK
枢	hinge	1832	RTK
殴	assault	1833	RTK
欧	Europe	1834	RTK
抑	repress	1835	RTK
仰	faceup	1836	RTK
迎	welcome	1837	RTK
登	ascend	1838	RTK
澄	lucidity	1839	RTK
発	discharge	1840	RTK
廃	abolish	1841	RTK
僚	colleague	1842	RTK
瞭	obvious	1843	RTK
寮	dormitory	1844	RTK
療	heal	1845	RTK
彫	carve	1846	RTK
形	shape	1847	RTK
影	shadow	1848	RTK
杉	cedar	1849	RTK
彩	coloring	1850	RTK
彰	patent	1851	RTK
彦	lad	1852	RTK
顔	face	1853	RTK
須	ought	1854	RTK
膨	swell	1855	RTK
参	visit	1856	RTK
惨	wretched	1857	RTK
修	discipline	1858	RTK
珍	rare	1859	RTK
診	checkup	1860	RTK
文	sentence	1861	RTK
対	vis-à-vis	1862	RTK
紋	family crest	1863	RTK
蚊	mosquito	1864	RTK
斑	speckled	1865	RTK
斉	adjusted	1866	RTK
剤	dose	1867	RTK
済	finish	1868	RTK
斎	purification	1869	RTK
粛	solemn	1870	RTK
塁	bases	1871	RTK
楽	music	1872	RTK
薬	medicine	1873	RTK
率	ratio	1874	RTK
渋	astringent	1875	RTK
摂	vicarious	1876	RTK
央	center	1877	RTK
英	England	1878	RTK
映	reflect	1879	RTK
赤	red	1880	RTK
赦	pardon	1881	RTK
変	unusual	1882	RTK
跡	tracks	1883	RTK
蛮	barbarian	1884	RTK
恋	romance	1885	RTK
湾	gulf	1886	RTK
黄	yellow	1887	RTK
横	sideways	1888	RTK
把	grasp	1889	RTK
色	color	1890	RTK
絶	discontinue	1891	RTK
艶	glossy	1892	RTK
肥	fertilizer	1893	RTK
甘	sweet	1894	RTK
紺	navy blue	1895	RTK
某	so-and-so	1896	RTK
謀	conspire	1897	RTK
媒	mediator	1898	RTK
欺	deceit	1899	RTK
棋	chess piece	1900	RTK
旗	national flag	1901	RTK
期	period	1902	RTK
碁	Go	1903	RTK
基	fundamentals	1904	RTK
甚	tremendously	1905	RTK
勘	intuition	1906	RTK
堪	withstand	1907	RTK
貴	precious	1908	RTK
遺	bequeath	1909	RTK
遣	dispatch	1910	RTK
潰	defile	1911	RTK
舞	dance	1912	RTK
無	nothingness	1913	RTK
組	association	1914	RTK
粗	coarse	1915	RTK
租	tariff	1916	RTK
狙	aim at	1917	RTK
祖	ancestor	1918	RTK
阻	thwart	1919	RTK
査	investigate	1920	RTK
助	help	1921	RTK
宜	best regards	1922	RTK
畳	tatami mat	1923	RTK
並	row	1924	RTK
普	universal	1925	RTK
譜	musical score	1926	RTK
湿	damp	1927	RTK
顕	appear	1928	RTK
繊	slender	1929	RTK
霊	spirits	1930	RTK
業	profession	1931	RTK
撲	slap	1932	RTK
僕	me	1933	RTK
共	together	1934	RTK
供	submit	1935	RTK
異	uncommon	1936	RTK
翼	wing	1937	RTK
戴	accept humbly	1938	RTK
洪	deluge	1939	RTK
港	harbor	1940	RTK
暴	outburst	1941	RTK
爆	bomb	1942	RTK
恭	respect	1943	RTK
選	elect	1944	RTK
殿	Mr.	1945	RTK
井	well	1946	RTK
丼	donburi	1947	RTK
囲	surround	1948	RTK
耕	till	1949	RTK
亜	Asia	1950	RTK
悪	bad	1951	RTK
円	circle	1952	RTK
角	angle	1953	RTK
触	contact	1954	RTK
解	unravel	1955	RTK
再	again	1956	RTK
講	lecture	1957	RTK
購	subscription	1958	RTK
構	posture	1959	RTK
溝	gutter	1960	RTK
論	argument	1961	RTK
倫	ethics	1962	RTK
輪	wheel	1963	RTK
偏	partial	1964	RTK
遍	everywhere	1965	RTK
編	compilation	1966	RTK
冊	tome	1967	RTK
柵	palisade	1968	RTK
典	code	1969	RTK
氏	family name	1970	RTK
紙	paper	1971	RTK
婚	marriage	1972	RTK
低	lower	1973	RTK
抵	resist	1974	RTK
底	bottom	1975	RTK
民	people	1976	RTK
眠	sleep	1977	RTK
捕	catch	1978	RTK
哺	suckle	1979	RTK
浦	bay	1980	RTK
蒲	bullrush	1981	RTK
舗	shop	1982	RTK
補	supplement	1983	RTK
邸	residence	1984	RTK
郭	enclosure	1985	RTK
郡	county	1986	RTK
郊	outskirts	1987	RTK
部	section	1988	RTK
都	metropolis	1989	RTK
郵	mail	1990	RTK
邦	home country	1991	RTK
那	interrogative	1992	RTK
郷	hometown	1993	RTK
響	echo	1994	RTK
郎	son	1995	RTK
廊	corridor	1996	RTK
盾	shield	1997	RTK
循	sequential	1998	RTK
派	faction	1999	RTK
脈	vein	2000	RTK
衆	masses	2001	RTK
逓	parcel post	2002	RTK
段	grade	2003	RTK
鍛	forge	2004	RTK
后	empress	2005	RTK
幻	phantasm	2006	RTK
司	director	2007	RTK
伺	pay respects	2008	RTK
詞	parts of speech	2009	RTK
飼	domesticate	2010	RTK
嗣	heir	2011	RTK
舟	boat	2012	RTK
舶	liner	2013	RTK
航	navigate	2014	RTK
舷	gunwale	2015	RTK
般	carrier	2016	RTK
盤	tray	2017	RTK
搬	conveyor	2018	RTK
船	ship	2019	RTK
艦	warship	2020	RTK
艇	rowboat	2021	RTK
瓜	melon	2022	RTK
弧	arc	2023	RTK
孤	orphan	2024	RTK
繭	cocoon	2025	RTK
益	benefit	2026	RTK
暇	spare time	2027	RTK
敷	spread	2028	RTK
来	come	2029	RTK
気	spirit	2030	RTK
汽	vapor	2031	RTK
飛	fly	2032	RTK
沈	sink	2033	RTK
枕	pillow	2034	RTK
妻	wife	2035	RTK
凄	nifty	2036	RTK
衰	decline	2037	RTK
衷	inmost	2038	RTK
面	mask	2039	RTK
麺	noodles	2040	RTK
革	leather	2041	RTK
靴	shoes	2042	RTK
覇	hegemony	2043	RTK
声	voice	2044	RTK
眉	eyebrow	2045	RTK
呉	give	2046	RTK
娯	recreation	2047	RTK
誤	mistake	2048	RTK
蒸	steam	2049	RTK
承	acquiesce	2050	RTK
函	bin	2051	RTK
極	poles	2052	RTK
牙	tusk	2053	RTK
芽	bud	2054	RTK
邪	wicked	2055	RTK
雅	gracious	2056	RTK
釈	interpretation	2057	RTK
番	turn	2058	RTK
審	hearing	2059	RTK
翻	flip	2060	RTK
藩	clan	2061	RTK
毛	fur	2062	RTK
耗	decrease	2063	RTK
尾	tail	2064	RTK
宅	home	2065	RTK
託	consign	2066	RTK
為	do	2067	RTK
偽	falsehood	2068	RTK
畏	apprehensive	2069	RTK
長	long	2070	RTK
張	lengthen	2071	RTK
帳	notebook	2072	RTK
脹	dilate	2073	RTK
髪	hair of the head	2074	RTK
展	unfold	2075	RTK
喪	miss	2076	RTK
巣	nest	2077	RTK
単	simple	2078	RTK
戦	war	2079	RTK
禅	Zen	2080	RTK
弾	bullet	2081	RTK
桜	cherry tree	2082	RTK
獣	animal	2083	RTK
脳	brain	2084	RTK
悩	trouble	2085	RTK
厳	stern	2086	RTK
鎖	chain	2087	RTK
挙	raise	2088	RTK
誉	reputation	2089	RTK
猟	game hunting	2090	RTK
鳥	bird	2091	RTK
鳴	chirp	2092	RTK
鶴	crane	2093	RTK
烏	crow	2094	RTK
蔦	vine	2095	RTK
鳩	pigeon	2096	RTK
鶏	chicken	2097	RTK
島	island	2098	RTK
暖	warmth	2099	RTK
媛	beautiful woman	2100	RTK
援	abet	2101	RTK
緩	slacken	2102	RTK
属	belong	2103	RTK
嘱	entrust	2104	RTK
偶	accidentally	2105	RTK
遇	interview	2106	RTK
愚	foolish	2107	RTK
隅	corner	2108	RTK
逆	inverted	2109	RTK
塑	model	2110	RTK
遡	go upstream	2111	RTK
岡	Mount	2112	RTK
鋼	steel	2113	RTK
綱	hawser	2114	RTK
剛	sturdy	2115	RTK
缶	tin can	2116	RTK
陶	pottery	2117	RTK
揺	swing	2118	RTK
謡	Noh chanting	2119	RTK
鬱	gloom	2120	RTK
就	concerning	2121	RTK
蹴	kick	2122	RTK
懇	sociable	2123	RTK
墾	groundbreaking	2124	RTK
貌	countenance	2125	RTK
免	excuse	2126	RTK
逸	elude	2127	RTK
晩	nightfall	2128	RTK
勉	exertion	2129	RTK
象	elephant	2130	RTK
像	statue	2131	RTK
馬	horse	2132	RTK
駒	pony	2133	RTK
験	verification	2134	RTK
騎	equestrian	2135	RTK
駐	parking	2136	RTK
駆	drive	2137	RTK
駅	station	2138	RTK
騒	boisterous	2139	RTK
駄	burdensome	2140	RTK
驚	wonder	2141	RTK
篤	fervent	2142	RTK
罵	insult	2143	RTK
騰	inflation	2144	RTK
虎	tiger	2145	RTK
虜	captive	2146	RTK
膚	skin	2147	RTK
虚	void	2148	RTK
戯	frolic	2149	RTK
虞	uneasiness	2150	RTK
慮	prudence	2151	RTK
劇	drama	2152	RTK
虐	tyrannize	2153	RTK
鹿	deer	2154	RTK
麓	foot of a mountain	2155	RTK
薦	recommend	2156	RTK
慶	jubilation	2157	RTK
麗	lovely	2158	RTK
熊	bear	2159	RTK
能	ability	2160	RTK
態	attitude	2161	RTK
寅	sign of the tiger	2162	RTK
演	performance	2163	RTK
辰	sign of the dragon	2164	RTK
辱	embarrass	2165	RTK
震	quake	2166	RTK
振	shake	2167	RTK
娠	with child	2168	RTK
唇	lips	2169	RTK
農	agriculture	2170	RTK
濃	concentrated	2171	RTK
送	send off	2172	RTK
関	connection	2173	RTK
咲	blossom	2174	RTK
鬼	ghost	2175	RTK
醜	ugly	2176	RTK
魂	soul	2177	RTK
魔	witch	2178	RTK
魅	fascination	2179	RTK
塊	clod	2180	RTK
襲	attack	2181	RTK
嚇	upbraid	2182	RTK
朕	majestic plural	2183	RTK
雰	atmosphere	2184	RTK
箇	item	2185	RTK
錬	tempering	2186	RTK
遵	abide by	2187	RTK
罷	quit	2188	RTK
屯	barracks	2189	RTK
且	moreover	2190	RTK
藻	seaweed	2191	RTK
隷	slave	2192	RTK
癒	healing	2193	RTK
璽	imperial seal	2194	RTK
潟	lagoon	2195	RTK
丹	cinnabar	2196	RTK
丑	sign of the cow	2197	RTK
羞	humiliate	2198	RTK
卯	sign of the hare	2199	RTK
巳	sign of the snake	2200	RTK
