一|ひと-, ひと.つ, イチ|one, one radical (no.1)
九|ここの, ここの.つ, キュウ|nine
七|なな, なな.つ, シチ|seven
十|とお, と, ジュウ|ten
人|ひと, -り, ジン|person
二|ふた, ふた.つ, ニ|two, two radical (no.2)
入|い.る, -い.る, ニュウ|enter, insert
八|や, や.つ, ハチ|eight
土|つち, ド|soil, earth, ground
万|よろず, マン|ten thousand, 10,000
千|ち, セン|thousand
川|かわ, セン|stream, river
大|おお-, おお.きい, ダイ|large, big
子|こ, -こ, シ|child, sign of the rat
女|おんな, め, ジョ|woman, female
小|ちい.さい, こ-, ショウ|little, small
上|うえ, -うえ, ジョウ|above, up
口|くち, コウ|mouth
三|み, み.つ, サン|three
山|やま, サン|mountain
下|した, しも, カ|below, down, descend
円|まる.い, まる, エン|circle, yen, round
火|ひ, -び, カ|fire
今|いま, コン|now
月|つき, ゲツ|month, moon
五|いつ, いつ.つ, ゴ|five
午|うま, ゴ|noon, sign of the horse
少|すく.ない, すこ.し, ショウ|few, little
手|て, て-, シュ|hand
中|なか, うち, チュウ|in, inside, middle, mean
天|あまつ, あめ, テン|heavens, sky, imperial
水|みず, みず-, スイ|water
木|き, こ-, ボク|tree, wood
父|ちち, フ|father
分|わ.ける, わ.け, ブン|part, minute of time
日|ひ, -び, ニチ|day, sun, Japan
友|とも, ユウ|friend
六|む, む.つ, ロク|six
立|た.つ, -た.つ, リツ|stand up, rise, set up
半|なか.ば, ハン|half, middle, odd number
母|はは, も, ボ|mother
北|きた, ホク|north
本|もと, ホン|book, present, main
目|め, -め, モク|eye, class, look
白|しろ, しら-, ハク|white
生|い.きる, い.かす, セイ|life, genuine, birth
出|で.る, -で, シュツ|exit, leave, go out
古|ふる.い, ふる-, コ|old
左|ひだり, サ|left
四|よ, よ.つ, シ|four
外|そと, ほか, ガイ|outside
右|みぎ, ウ|right
気|いき, キ|spirit, mind, air
休|やす.む, やす.まる, キュウ|rest, day off, retire
会|あ.う, あ.わせる, カイ|meeting, meet, party
安|やす.い, やす.まる, アン|relax, cheap, low, quiet
行|い.く, ゆ.く, コウ|going, journey
耳|みみ, ジ|ear
西|にし, セイ|west, Spain
先|さき, ま.ず, セン|before, ahead, previous
多|おお.い, まさ.に, タ|many, frequent, much
名|な, -な, メイ|name, noted
毎|ごと, -ごと.に, マイ|every
百|もも, ヒャク|hundred
年|とし, ネン|year, counter for years
来|く.る, きた.る, ライ|come, due, next, cause
男|おとこ, お, ダン|male
足|あし, た.りる, ソク|leg, foot, be sufficient
社|やしろ, シャ|company, firm, office
車|くるま, シャ|car
見|み.る, み.える, ケン|see, hopes, chances
言|い.う, こと, ゲン|say
花|はな, カ|flower
何|なに, なん, カ|what
雨|あめ, あま-, ウ|rain
学|まな.ぶ, ガク|study, learning, science
空|そら, あ.く, クウ|empty, sky, void, vacant
金|かね, かな-, キン|gold
国|くに, コク|country
長|なが.い, おさ, チョウ|long, leader
店|みせ, たな, テン|store, shop
東|ひがし, トウ|east
南|みなみ, ナン|south
前|まえ, -まえ, ゼン|in front, before
食|く.う, く.らう, ショク|eat, food
後|のち, うし.ろ, ゴ|behind, back, later
高|たか.い, たか, コウ|tall, high, expensive
校|コウ|exam, school, printing
時|とき, -どき, ジ|time, hour
書|か.く, -が.き, ショ|write
週|シュウ|week
魚|うお, さかな, ギョ|fish
間|あいだ, ま, カン|interval, space
飲|の.む, -の.み, イン|drink, smoke, take
道|みち, ドウ|road-way, street
買|か.う, バイ|buy
話|はな.す, はなし, ワ|tale, talk
新|あたら.しい, あら.た, シン|new
電|デン|electricity
駅|エキ|station
語|かた.る, かた.らう, ゴ|word, speech, language
読|よ.む, -よ.み, ドク|read
聞|き.く, き.こえる, ブン|hear, ask, listen
力|ちから, リョク|power, strength, strong
夕|ゆう, セキ|evening
工|コウ|craft, construction
元|もと, ゲン|beginning, former time
止|と.まる, -ど.まり, シ|stop, halt
引|ひ.く, ひ.き, イン|pull, tug, jerk, admit
牛|うし, ギュウ|cow
区|ク|ward, district
犬|いぬ, いぬ-, ケン|dog
不|フ|negative, non-, bad
文|ふみ, あや, ブン|sentence, literature
方|かた, -かた, ホウ|direction, person
心|こころ, -ごころ, シン|heart, mind, spirit
切|き.る, -き.る, セツ|cut, cutoff, be sharp
太|ふと.い, ふと.る, タイ|plump, thick, big around
代|か.わる, かわ.る, ダイ|substitute, change
台|うてな, われ, ダイ|pedestal, a stand
世|よ, さんじゅう, セイ|generation, world
正|ただ.しい, ただ.す, セイ|correct, justice
田|た, デン|rice field, rice paddy
冬|ふゆ, トウ|winter
民|たみ, ミン|people, nation, subjects
用|もち.いる, ヨウ|utilize, business
兄|あに, ケイ|elder brother
以|もっ.て, イ|by means of, because
去|さ.る, -さ.る, キョ|gone, past, quit, leave
仕|つか.える, シ|attend, doing, official
市|いち, シ|market, city, town
広|ひろ.い, ひろ.まる, コウ|wide, broad, spacious
主|ぬし, おも, シュ|lord, chief, master
写|うつ.す, うつ.る, シャ|copy, be photographed
字|あざ, あざな, ジ|character, letter, word
自|みずか.ら, おの.ずから, ジ|oneself
考|かんが.える, かんが.え, コウ|consider, think over
合|あ.う, -あ.う, ゴウ|fit, suit, join, 0.1
光|ひか.る, ひかり, コウ|ray, light
好|この.む, す.く, コウ|fond, pleasing
死|し.ぬ, し.に-, シ|death, die
回|まわ.る, -まわ.る, カイ|-times, round, game
有|あ.る, ユウ|possess, have, exist
同|おな.じ, ドウ|same, agree, equal
肉|しし, ニク|meat
色|いろ, ショク|color
早|はや.い, はや, ソウ|early, fast
地|チ|ground, earth
池|いけ, チ|pond, cistern, pool
村|むら, ソン|village, town
体|からだ, かたち, タイ|body, substance, object
町|まち, チョウ|town, village, block
低|ひく.い, ひく.める, テイ|lower, short, humble
弟|おとうと, テイ|younger brother
走|はし.る, ソウ|run
赤|あか, あか-, セキ|red
図|え, はか.る, ズ|map, drawing, plan
究|きわ.める, キュウ|research, study
声|こえ, こわ-, セイ|voice
売|う.る, う.れる, バイ|sell
別|わか.れる, わ.ける, ベツ|separate, branch off
医|い.やす, い.する, イ|doctor, medicine
近|ちか.い, キン|near, early, akin
私|わたくし, わたし, シ|private, I, me
作|つく.る, つく.り, サク|make, production
住|す.む, す.まう, ジュウ|dwell, reside, live
者|もの, シャ|someone, person
事|こと, つか.う, ジ|matter, thing, fact
使|つか.う, つか.い, シ|use
始|はじ.める, -はじ.める, シ|commence, begin
姉|あね, はは, シ|elder sister
英|はなぶさ, エイ|England, English
京|みやこ, キョウ|capital, 10**16
画|えが.く, かく.する, ガ|brush-stroke, picture
妹|いもうと, マイ|younger sister
味|あじ, あじ.わう, ミ|flavor, taste
服|フク|clothing, admit, obey
物|もの, もの-, ブツ|thing, object, matter
歩|ある.く, あゆ.む, ホ|walk, counter for steps
門|かど, と, モン|gate
夜|よ, よる, ヤ|night, evening
明|あ.かり, あか.るい, メイ|bright, light
林|はやし, リン|grove, forest
青|あお, あお-, セイ|blue, green
所|ところ, -ところ, ショ|place
注|そそ.ぐ, さ.す, チュウ|pour, irrigate
知|し.る, し.らせる, チ|know, wisdom
昼|ひる, チュウ|daytime, noon
茶|チャ|tea
待|ま.つ, -ま.ち, タイ|wait, depend on
洗|あら.う, セン|wash, inquire into
送|おく.る, ソウ|escort, send
品|しな, ヒン|goods, refinement
洋|ヨウ|ocean, western style
便|たよ.り, ベン|convenience
風|かぜ, かざ-, フウ|wind, air, style, manner
発|た.つ, あば.く, ハツ|discharge, departure
度|たび, -た.い, ド|degrees, occurrence
映|うつ.る, うつ.す, エイ|reflect, reflection
海|うみ, カイ|sea, ocean
界|カイ|world
屋|や, オク|roof, house, shop
音|おと, ね, オン|sound, noise
急|いそ.ぐ, いそ.ぎ, キュウ|hurry, emergency, sudden
計|はか.る, はか.らう, ケイ|plot, plan, scheme
建|た.てる, た.て, ケン|build
研|と.ぐ, ケン|polish, study of
県|か.ける, ケン|prefecture
思|おも.う, おもえら.く, シ|think
乗|の.る, -の.り, ジョウ|ride, power
重|え, おも.い, ジュウ|heavy, heap up, pile up
春|はる, シュン|springtime
室|むろ, シツ|room, apartment, chamber
持|も.つ, -も.ち, ジ|hold, have
首|くび, シュ|neck
秋|あき, とき, シュウ|autumn
借|か.りる, シャク|borrow, rent
弱|よわ.い, よわ.る, ジャク|weak, frail
紙|かみ, シ|paper
帰|かえ.る, かえ.す, キ|homecoming, arrive at
起|お.きる, お.こる, キ|rouse, wake up, get up
夏|なつ, カ|summer
家|いえ, や, カ|house, home, family
院|イン|Inst., institution
員|イン|employee, member, number
病|や.む, -や.み, ビョウ|ill, sick
勉|つと.める, ベン|exertion
特|トク|special
旅|たび, リョ|trip, travel
料|リョウ|fee, materials
真|ま, ま-, シン|true, reality
通|とお.る, とお.り, ツウ|traffic, pass through
鳥|とり, チョウ|bird, chicken
転|ころ.がる, ころ.げる, テン|revolve, turn around
族|ゾク|tribe, family
進|すす.む, すす.める, シン|advance, proceed
理|ことわり, リ|logic, arrangement
野|の, の-, ヤ|plains, field, rustic
問|と.う, と.い, モン|question, ask, problem
都|みやこ, ト|metropolis, capital
堂|ドウ|public chamber, hall
動|うご.く, うご.かす, ドウ|move, motion, change
悪|わる.い, わる-, アク|bad, vice, rascal, false
強|つよ.い, つよ.まる, キョウ|strong
教|おし.える, おそ.わる, キョウ|teach, faith, doctrine
産|う.む, う.まれる, サン|products, bear
黒|くろ, くろ.ずむ, コク|black
菜|な, サイ|vegetable, side dish
終|お.わる, -お.わる, シュウ|end, finish
習|なら.う, なら.い, シュウ|learn
集|あつ.まる, あつ.める, シュウ|gather, meet, congregate
場|ば, ジョウ|location, place
寒|さむ.い, カン|cold
軽|かる.い, かろ.やか, ケイ|lightly, trifling
運|はこ.ぶ, ウン|carry, luck, destiny
開|ひら.く, ひら.き, カイ|open, unfold, unseal
飯|めし, ハン|meal, boiled rice
答|こた.える, こた.え, トウ|solution, answer
森|もり, シン|forest, woods
暑|あつ.い, ショ|sultry, hot, summer heat
朝|あさ, チョウ|morning, dynasty, regime
貸|か.す, か.し-, タイ|lend
着|き.る, -ぎ, チャク|don, arrive, wear
短|みじか.い, タン|short, brevity, fault
働|はたら.く, ドウ|work, (kokuji)
楽|たの.しい, たの.しむ, ガク|music, comfort, ease
暗|くら.い, くら.む, アン|darkness, disappear
意|イ|idea, mind, heart, taste
遠|とお.い, エン|distant, far
漢|カン|Sino-, China
業|わざ, ギョウ|business, vocation, arts
試|こころ.みる, ため.す, シ|test, try, attempt
銀|しろがね, ギン|silver
歌|うた, うた.う, カ|song, sing
説|と.く, セツ|rumor, opinion, theory
質|たち, ただ.す, シツ|substance, quality
館|やかた, たて, カン|building, mansion
親|おや, おや-, シン|parent, intimacy
頭|あたま, かしら, トウ|head
薬|くすり, ヤク|medicine, chemical
曜|ヨウ|weekday
題|ダイ|topic, subject
顔|かお, ガン|face, expression
験|あかし, しるし, ケン|verification, effect
丸|まる, まる.める, ガン|round, full, month
久|ひさ.しい, キュウ|long time, old story
才|サイ|genius, years old
支|ささ.える, つか.える, シ|branch, support, sustain
戸|と, コ|door, counter for houses
欠|か.ける, か.く, ケツ|lack, gap, fail
王|オウ|king, rule, magnate
化|ば.ける, ば.かす, カ|change, take the form of
内|うち, ナイ|inside, within, between
反|そ.る, そ.らす, ハン|anti-
比|くら.べる, ヒ|compare, race, ratio
夫|おっと, それ, フ|husband, man
仏|ほとけ, ブツ|Buddha, the dead, France
毛|け, モウ|fur, hair, feather, down
予|あらかじ.め, ヨ|beforehand, previous
由|よし, よ.る, ユ|wherefore, a reason
未|いま.だ, ま.だ, ミ|un-, not yet, hitherto
布|ぬの, フ|linen, cloth
包|つつ.む, くる.む, ホウ|wrap, pack up, cover
末|すえ, マツ|end, close, tip, powder
平|たい.ら, -だいら, ヘイ|even, flat, peace
辺|あた.り, ほと.り, ヘン|environs, boundary
氷|こおり, ひ, ヒョウ|icicle, ice, hail
付|つ.ける, -つ.ける, フ|adhere, attach, refer to
皮|かわ, ヒ|pelt, skin, hide
犯|おか.す, ハン|crime, sin, offense
必|かなら.ず, ヒツ|invariably, certain
石|いし, セキ|stone
他|ほか, タ|other, another
打|う.つ, う.ち-, ダ|strike, hit, knock
加|くわ.える, くわ.わる, カ|add, addition, increase
可|-べ.き, -べ.し, カ|can, passable, mustn't
央|オウ|center, middle
刊|カン|publish, carve, engrave
玉|たま, たま-, ギョク|jewel, ball
旧|ふる.い, もと, キュウ|old times, old things
号|さけ.ぶ, よびな, ゴウ|nickname, number, item
皿|さら, ベイ|dish, a helping, plate
札|ふだ, サツ|tag, paper money
史|シ|history, chronicle
失|うしな.う, う.せる, シツ|lose, error, fault
示|しめ.す, ジ|show, indicate
申|もう.す, もう.し-, シン|have the honor to
礼|レイ|salute, bow, ceremony
令|レイ|orders, ancient laws
列|レツ|file, row, rank, tier
老|お.いる, ふ.ける, ロウ|old man, old age
式|シキ|style, ceremony, rite
州|す, シュウ|state, province
寺|てら, ジ|Buddhist temple
次|つ.ぐ, つぎ, ジ|next, order, sequence
守|まも.る, まも.り, シュ|guard, protect, defend
糸|いと, シ|thread
在|あ.る, ザイ|exist, outskirts
再|ふたた.び, サイ|again, twice
向|む.く, む.い, コウ|yonder, facing, beyond
交|まじ.わる, まじ.える, コウ|mingle, mixing
血|ち, ケツ|blood
件|くだん, ケン|affair, case, matter
共|とも, とも.に, キョウ|together, both, neither
曲|ま.がる, ま.げる, キョク|bend, music, melody
各|おのおの, カク|each, every, either
印|しるし, -じるし, イン|stamp, seal, mark
因|よ.る, ちな.む, イン|cause, factor
羽|は, わ, ウ|feathers
団|かたまり, まる.い, ダン|group, association
竹|たけ, チク|bamboo
仲|なか, チュウ|go-between, relationship
虫|むし, チュウ|insect, bug, temper
兆|きざ.す, きざ.し, チョウ|portent, 10**12
伝|つた.わる, つた.える, デン|transmit, go along
当|あ.たる, あ.たり, トウ|hit, right, appropriate
成|な.る, な.す, セイ|turn into, become, get
全|まった.く, すべ.て, ゼン|whole, entire, all
争|あらそ.う, いか.でか, ソウ|contend, dispute, argue
任|まか.せる, まか.す, ニン|responsibility, duty
米|こめ, よね, ベイ|rice, USA, metre
両|てる, ふたつ, リョウ|both, old Japanese coin
利|き.く, リ|profit, advantage
余|あま.る, あま.り, ヨ|too much, myself
防|ふせ.ぐ, ボウ|ward off, defend
役|ヤク|duty, war, campaign
返|かえ.す, -かえ.す, ヘン|return, answer, fade
判|わか.る, ハン|judgement, signature
臣|シン|retainer, subject
身|み, シン|somebody, person
折|お.る, おり, セツ|fold, break, fracture
努|つと.める, ド|toil, diligent
投|な.げる, -な.げ, トウ|throw, discard, abandon
対|あいて, こた.える, タイ|vis-a-vis, opposite
束|たば, たば.ねる, ソク|bundle, sheaf, ream
谷|たに, きわ.まる, コク|valley
位|くらい, ぐらい, イ|rank, grade, throne
囲|かこ.む, かこ.う, イ|surround, besiege, store
完|カン|perfect, completion, end
角|かど, つの, カク|angle, corner, square
快|こころよ.い, カイ|cheerful, pleasant
改|あらた.める, あらた.まる, カイ|reformation, change
技|わざ, ギ|skill, art, craft
局|つぼね, キョク|bureau, board, office
君|きみ, -ぎみ, クン|old boy, name-suffix
均|なら.す, キン|level, average
形|かた, -がた, ケイ|shape, form, style
決|き.める, -ぎ.め, ケツ|decide, fix, agree upon
芸|う.える, のり, ゲイ|technique, art, craft
求|もと.める, キュウ|request, want, wish for
希|まれ, キ|hope, beg, request, pray
告|つ.げる, コク|revelation, tell, inform
材|ザイ|lumber, log, timber
坂|さか, ハン|slope, incline, hill
似|に.る, ひ.る, ジ|becoming, resemble
児|こ, -こ, ジ|newborn babe, child
状|ジョウ|status quo, conditions
初|はじ.め, はじ.めて, ショ|first time, beginning
助|たす.ける, たす.かる, ジョ|help, rescue, assist
労|ろう.する, いたわ.る, ロウ|labor, thank for
冷|つめ.たい, ひ.える, レイ|cool
例|たと.える, レイ|example, custom, usage
和|やわ.らぐ, やわ.らげる, ワ|harmony, Japanese style
述|の.べる, ジュツ|mention, state, speak
承|うけたまわ.る, う.ける, ショウ|acquiesce, hear
招|まね.く, ショウ|beckon, invite, summon
実|み, みの.る, ジツ|reality, truth
取|と.る, と.り, シュ|take, fetch, take up
治|おさ.める, おさ.まる, ジ|reign, be at peace
受|う.ける, -う.け, ジュ|accept, undergo
周|まわ.り, シュウ|circumference, circuit
妻|つま, サイ|wife, spouse
参|まい.る, まい-, サン|nonplussed, three, going
枝|えだ, シ|bough, branch, twig
刷|す.る, -ず.り, サツ|printing, print
効|き.く, ききめ, コウ|merit, efficacy
幸|さいわ.い, さち, コウ|happiness, blessing
固|かた.める, かた.まる, コ|harden, set, clot
季|キ|seasons
岸|きし, ガン|beach
岩|いわ, ガン|boulder, rock, cliff
泣|な.く, キュウ|cry, weep, moan
協|キョウ|co-, cooperation
居|い.る, -い, キョ|reside, to be, exist
苦|くる.しい, -ぐる.しい, ク|suffering, trial, worry
具|そな.える, つぶさ.に, グ|tool, utensil, means
果|は.たす, はた.す, カ|fruit, reward, carry out
河|かわ, カ|river
官|カン|bureaucrat
委|ゆだ.ねる, イ|committee, entrust to
易|やさ.しい, やす.い, エキ|easy, ready to, simple
育|そだ.つ, そだ.ち, イク|bring up, grow up, raise
泳|およ.ぐ, エイ|swim
直|ただ.ちに, なお.す, チョク|straightaway, honesty
定|さだ.める, さだ.まる, テイ|determine, fix
底|そこ, テイ|bottom, sole, depth
的|まと, テキ|bull's eye, mark, target
性|さが, セイ|sex, gender, nature
昔|むかし, セキ|once upon a time
制|セイ|system, law, rule
卒|そっ.する, お.える, ソツ|graduate, soldier
非|あら.ず, ヒ|un-, mistake, negative
波|なみ, ハ|waves, billows, Poland
板|いた, ハン|plank, board, plate
版|ハン|printing block
念|ネン|wish, sense, idea
武|たけ.し, ブ|warrior, military
表|おもて, -おもて, ヒョウ|surface, table, chart
命|いのち, メイ|fate, command, decree
府|フ|borough
放|はな.す, -っぱな.し, ホウ|set free, release, fire
法|のり, ホウ|method, law, rule
油|あぶら, ユ|oil, fat
勇|いさ.む, ユウ|courage, cheer up
要|い.る, かなめ, ヨウ|need, main point
負|ま.ける, ま.かす, フ|defeat, negative, -
迷|まよ.う, メイ|astray, be perplexed
約|つづ.まる, つづ.める, ヤク|promise, approximately
面|おも, おもて, メン|mask, face, features
変|か.わる, か.わり, ヘン|unusual, change, strange
飛|と.ぶ, と.ばす, ヒ|fly, skip (pages)
美|うつく.しい, ビ|beauty, beautiful
独|ひと.り, ドク|single, alone
則|のっと.る, ソク|rule, follow, based on
相|あい-, ソウ|inter-, mutual, together
草|くさ, くさ-, ソウ|grass, weeds, herbs
祖|ソ|ancestor, pioneer
信|シン|faith, truth, fidelity
政|まつりごと, まん, セイ|politics, government
星|ほし, -ぼし, セイ|star, spot, dot, mark
点|つ.ける, つ.く, テン|spot, point, mark, speck
追|お.う, ツイ|chase, drive away
単|ひとえ, タン|simple, one, single
炭|すみ, タン|charcoal, coal
退|しりぞ.く, しりぞ.ける, タイ|retreat, withdraw
栄|さか.える, は.え, エイ|flourish, prosperity
科|カ|department, course
活|い.きる, い.かす, カツ|lively, resuscitation
胃|イ|stomach, paunch, crop
級|キュウ|class, rank, grade
軍|いくさ, グン|army, force, troops, war
係|かか.る, かかり, ケイ|person in charge
型|かた, -がた, ケイ|mould, type, model
客|キャク|guest, visitor, customer
逆|さか, さか.さ, ギャク|inverted, reverse
限|かぎ.る, かぎ.り, ゲン|limit, restrict
厚|あつ.い, あか, コウ|thick, heavy, rich, kind
指|ゆび, さ.す, シ|finger, point to
昨|サク|yesterday, previous
祝|いわ.う, シュク|celebrate, congratulate
神|かみ, かん-, シン|gods, mind, soul
査|サ|investigate
省|かえり.みる, はぶ.く, セイ|focus
酒|さけ, さか-, シュ|sake, alcohol
笑|わら.う, え.む, ショウ|laugh
消|き.える, け.す, ショウ|extinguish, blow out
師|もろもろ, なら.う, シ|expert, teacher, master
財|たから, ザイ|property, money, wealth
殺|ころ.す, -ごろ.し, サツ|kill, murder, butcher
差|さ.す, さ.し, サ|distinction, difference
残|のこ.る, のこ.す, ザン|remainder, leftover
航|コウ|navigate, sail, cruise
根|ね, -ね, コン|root, radical
個|コ|individual
候|そうろう, コウ|climate, season, weather
庫|くら, コ|warehouse, storehouse
記|しる.す, キ|scribe, account
訓|おし.える, よ.む, クン|instruction
害|ガイ|harm, injury
格|カク|status, rank, capacity
荷|に, カ|baggage
帯|お.びる, おび, タイ|sash, belt, obi, zone
島|しま, トウ|island
庭|にわ, テイ|courtyard, garden, yard
徒|いたずら, あだ, ト|junior, emptiness
席|むしろ, セキ|seat, mat, occasion
息|いき, ソク|breath, respiration, son
造|つく.る, つく.り, ゾウ|create, make, structure
孫|まご, ソン|grandchild, descendants
速|はや.い, はや-, ソク|quick, fast
能|よ.く, ノウ|ability, talent, skill
配|くば.る, ハイ|distribute, spouse
倍|バイ|double, twice, times
破|やぶ.る, やぶ.れる, ハ|rend, rip, tear, break
馬|うま, うま-, バ|horse
浴|あ.びる, あ.びせる, ヨク|bathe, be favored with
容|い.れる, ヨウ|contain, form, looks
流|なが.れる, なが.れ, リュウ|current, a sink, flow
留|と.める, と.まる, リュウ|detain, fasten, halt
連|つら.なる, つら.ねる, レン|take along, lead, join
陸|おか, リク|land, six
率|ひき.いる, ソツ|ratio, rate, proportion
略|ほぼ, おか.す, リャク|abbreviation, omission
望|のぞ.む, もち, ボウ|ambition, full moon
務|つと.める, ム|task, duties
敗|やぶ.れる, ハイ|failure, defeat
部|-べ, ブ|section, bureau, dept
副|フク|vice-, duplicate, copy
婦|よめ, フ|lady, woman, wife, bride
側|かわ, がわ, ソク|side, lean, oppose
組|く.む, くみ, ソ|association, braid
責|せ.める, セキ|blame, condemn, censure
接|つ.ぐ, セツ|touch, contact, adjoin
船|ふね, ふな-, セン|ship, boat
商|あきな.う, ショウ|make a deal, selling
設|もう.ける, セツ|establishment, provision
雪|ゆき, セツ|snow
清|きよ.い, きよ.まる, セイ|pure, purify, cleanse
深|ふか.い, -ぶか.い, シン|deep, heighten
得|え.る, う.る, トク|gain, get, find, earn
第|ダイ|No., residence
停|と.める, と.まる, テイ|halt, stopping
断|た.つ, ことわ.る, ダン|severance, decline
貨|たから, カ|freight, goods, property
液|エキ|fluid, liquid, juice
移|うつ.る, うつ.す, イ|shift, move, change
経|へ.る, た.つ, ケイ|sutra, longitude
規|キ|standard, measure
寄|よ.る, -よ.り, キ|draw near, stop in
許|ゆる.す, もと, キョ|permit, approve
球|たま, キュウ|ball, sphere
救|すく.う, キュウ|salvation, save, help
険|けわ.しい, ケン|precipitous
現|あらわ.れる, あらわ.す, ゲン|present, existing
混|ま.じる, -ま.じり, コン|mix, blend, confuse
祭|まつ.る, まつ.り, サイ|ritual, offer prayers
細|ほそ.い, ほそ.る, サイ|dainty, get thin, taper
術|すべ, ジュツ|art, technique, skill
宿|やど, やど.る, シュク|inn, lodging
章|ショウ|badge, chapter
常|つね, とこ-, ジョウ|usual, ordinary, normal
情|なさ.け, ジョウ|feelings, emotion
植|う.える, う.わる, ショク|plant
順|ジュン|obey, order, turn, right
象|かたど.る, ショウ|elephant, pattern after
焼|や.く, や.き, ショウ|bake, burning
勝|か.つ, -が.ち, ショウ|victory, win, prevail
歯|よわい, は, シ|tooth, cog
最|もっと.も, つま, サイ|utmost, most, extreme
散|ち.る, ち.らす, サン|scatter, disperse, spend
港|みなと, コウ|harbor
検|しら.べる, ケン|examination, investigate
湖|みずうみ, コ|lake
期|キ|period, time, date, term
喜|よろこ.ぶ, よろこ.ばす, キ|rejoice
結|むす.ぶ, ゆ.う, ケツ|tie, bind, contract
景|ケイ|scenery, view
給|たま.う, たも.う, キュウ|salary, wage, gift
雲|くも, -ぐも, ウン|cloud
営|いとな.む, いとな.み, エイ|occupation, camp
温|あたた.か, あたた.かい, オン|warm
過|す.ぎる, -す.ぎる, カ|overdo, exceed
絵|カイ|picture, drawing
階|きざはし, カイ|storey, stair
覚|おぼ.える, さ.ます, カク|memorize, learn
貯|た.める, たくわ.える, チョ|savings, store, lay in
達|-たち, タツ|accomplished, reach
測|はか.る, ソク|fathom, plan, scheme
童|わらべ, ドウ|juvenile, child
等|ひと.しい, など, トウ|etc., and so forth
湯|ゆ, トウ|hot water, bath
登|のぼ.る, あ.がる, トウ|ascend, climb up
程|ほど, -ほど, テイ|extent, degree, law
絶|た.える, た.やす, ゼツ|discontinue, beyond
然|しか, しか.り, ゼン|sort of thing, so, if so
富|と.む, とみ, フ|wealth, enrich, abundant
復|また, フク|restore, return to
費|つい.やす, つい.える, ヒ|expense, cost, spend
番|つが.い, バン|turn, number in a series
悲|かな.しい, かな.しむ, ヒ|grieve, sad, deplore
筆|ふで, ヒツ|writing brush, writing
備|そな.える, そな.わる, ビ|equip, provision
貿|ボウ|trade, exchange
無|な.い, ム|nothingness, none, ain't
報|むく.いる, ホウ|report, news, reward
満|み.ちる, み.つ, マン|full, fullness, enough
量|はか.る, リョウ|quantity, measure
遊|あそ.ぶ, あそ.ばす, ユウ|play
落|お.ちる, お.ち, ラク|fall, drop, come down
陽|ひ, ヨウ|sunshine, yang principle
葉|は, ヨウ|leaf, plane, lobe
税|ゼイ|tax, duty
路|-じ, みち, ロ|path, route, road
豊|ゆた.か, とよ, ホウ|bountiful, excellent
夢|ゆめ, ゆめ.みる, ム|dream, vision, illusion
農|ノウ|agriculture, farmers
続|つづ.く, つづ.ける, ゾク|continue, series, sequel
損|そこ.なう, そこな.う, ソン|damage, loss
想|おも.う, ソウ|concept, think, idea
戦|いくさ, たたか.う, セン|war, battle, match
勢|いきお.い, はずみ, セイ|forces, energy
数|かず, かぞ.える, スウ|number, strength, fate
置|お.く, -お.き, チ|placement, put, set
鉄|くろがね, テツ|iron
感|カン|emotion, feeling
解|と.く, と.かす, カイ|unravel, notes, key
園|その, エン|park, garden, yard, farm
愛|いと.しい, かな.しい, アイ|love, affection
塩|しお, エン|salt
極|きわ.める, きわ.まる, キョク|poles, settlement
禁|キン|prohibition, ban, forbid
罪|つみ, ザイ|guilt, sin, crime, fault
資|シ|assets, resources
準|じゅん.じる, じゅん.ずる, ジュン|semi-, correspond to
種|たね, -ぐさ, シュ|species, kind, class
雑|まじ.える, まじ.る, ザツ|miscellaneous
際|きわ, -ぎわ, サイ|occasion, side, edge
算|そろ, サン|calculate, divining
察|サツ|guess, presume, surmise
構|かま.える, かま.う, コウ|posture, build, pretend
関|せき, -ぜき, カン|connection, barrier
境|さかい, キョウ|boundary, border, region
漁|あさ.る, ギョ|fishing, fishery
演|エン|performance, act, play
慣|な.れる, な.らす, カン|accustomed, get used to
管|くだ, カン|pipe, tube
銅|あかがね, ドウ|copper
適|かな.う, テキ|suitable, occasional
精|セイ|refined, ghost, fairy
製|セイ|made in..., manufacture
静|しず-, しず.か, セイ|quiet
像|ゾウ|statue, picture, image
増|ま.す, ま.し, ゾウ|increase, add, augment
総|す.べて, すべ.て, ソウ|general, whole, all
鼻|はな, ビ|nose, snout
複|フク|duplicate, double
鳴|な.く, な.る, メイ|chirp, cry, bark, sound
綿|わた, メン|cotton
様|さま, さん, ヨウ|Esq., way, manner
領|えり, リョウ|jurisdiction, dominion
緑|みどり, リョク|green
練|ね.る, ね.り, レン|practice, gloss, train
歴|レキ|curriculum, continuation
輪|わ, リン|wheel, ring, circle
編|あ.む, -あ.み, ヘン|compilation, knit, plait
箱|はこ, ソウ|box, chest, case, bin
熱|あつ.い, ネツ|heat, temperature, fever
選|えら.ぶ, セン|elect, select, choose
線|すじ, セン|line, track
導|みちび.く, ドウ|guidance, leading
談|ダン|discuss, talk
調|しら.べる, しら.べ, チョウ|tune, tone, meter
横|よこ, オウ|sideways, side
確|たし.か, たし.かめる, カク|assurance, firm, tight
課|カ|chapter, lesson, section
器|うつわ, キ|utensil, vessel
賛|たす.ける, たた.える, サン|approve, praise
賞|ほ.める, ショウ|prize, reward, praise
機|はた, キ|mechanism, opportunity
橋|はし, キョウ|bridge
築|きず.く, チク|fabricate, build
積|つ.む, -づ.み, セキ|volume, product (x*y)
輸|ユ|transport, send
録|しる.す, と.る, ロク|record
績|セキ|exploits
講|コウ|lecture, club
職|ショク|post, employment, work
観|み.る, しめ.す, カン|outlook, look
額|ひたい, ガク|forehead, tablet, plaque
類|たぐ.い, ルイ|sort, kind, variety
願|ねが.う, -ねがい, ガン|petition, request, vow
識|し.る, しる.す, シキ|discriminating, know
競|きそ.う, せ.る, キョウ|emulate, compete with
議|ギ|deliberation
了|リョウ|complete, finish
与|あた.える, あずか.る, ヨ|bestow, participate in
亡|な.い, な.き-, ボウ|deceased, the late
干|ほ.す, ほ.し-, カン|dry, parch
介|カイ|jammed in, shellfish
互|たが.い, かたみ.に, ゴ|mutually, reciprocally
公|おおやけ, コウ|public, prince, official
双|ふた, たぐい, ソウ|pair, set, comparison
片|かた-, かた, ヘン|one-sided, leaf, sheet
匹|ひき, ヒツ|equal, head
払|はら.う, -はら.い, フツ|pay, clear out, prune
幼|おさな.い, ヨウ|infancy, childhood
庁|やくしょ, チョウ|government office
占|し.める, うらな.う, セン|fortune-telling
込|-こ.む, こ.む|crowded, mixture
冊|ふみ, サツ|tome, counter for books
司|つかさど.る, シ|director, official
処|ところ, -こ, ショ|dispose, manage
収|おさ.める, おさ.まる, シュウ|income, obtain, reap
召|め.す, ショウ|seduce, call, send for
巨|キョ|gigantic, big, large
甘|あま.い, あま.える, カン|sweet, coax, pamper
圧|お.す, へ.す, アツ|pressure, push
永|なが.い, エイ|eternity, long, lengthy
衣|ころも, きぬ, イ|garment, clothes
汚|けが.す, けが.れる, オ|dirty, pollute, disgrace
汗|あせ, カン|sweat, perspire
危|あぶ.ない, あや.うい, キ|dangerous, fear, uneasy
宇|ウ|eaves, roof, house
灰|はい, カイ|ashes, puckery juice
仮|かり, かり-, カ|sham, temporary, interim
叫|さけ.ぶ, キョウ|shout, exclaim, yell
机|つくえ, キ|desk, table
吸|す.う, キュウ|suck, imbibe, inhale
舟|ふね, ふな-, シュウ|boat, ship
宅|タク|home, house, residence
存|ソン|suppose, be aware of
忙|いそが.しい, せわ.しい, ボウ|busy, occupied, restless
灯|ひ, ほ-, トウ|lamp, a light, light
肌|はだ, キ|texture, skin, body
否|いな, いや, ヒ|negate, no, noes, refuse
抜|ぬ.く, -ぬ.く, バツ|slip out, extract
沈|しず.む, しず.める, チン|sink, be submerged
戻|もど.す, もど.る, レイ|re-, return, revert
坊|ボウ|boy, priest's residence
兵|つわもの, ヘイ|soldier, private, troops
麦|むぎ, バク|barley, wheat
批|ヒ|criticism, strike
乱|みだ.れる, みだ.る, ラン|riot, war, disorder
卵|たまご, ラン|egg, ovum, spawn, roe
忘|わす.れる, ボウ|forget
良|よ.い, -よ.い, リョウ|good, pleasing, skilled
伸|の.びる, の.ばす, シン|expand, stretch, extend
辛|から.い, つら.い, シン|spicy, bitter, hot
吹|ふ.く, スイ|blow, breathe, puff
床|とこ, ゆか, ショウ|bed, counter for beds
条|えだ, すじ, ジョウ|article, clause, item
志|シリング, こころざ.す, シ|intention, plan, resolve
伺|うかが.う, シ|pay respects, visit, ask
困|こま.る, コン|quandary
含|ふく.む, ふく.める, ガン|include, bear in mind
更|さら, さら.に, コウ|grow late, night watch
迎|むか.える, ゲイ|welcome, meet, greet
貝|かい, バイ|shellfish
応|あた.る, まさに, オウ|apply, answer, yes, OK
押|お.す, お.し-, オウ|push, stop, check
欧|うた.う, は.く, オウ|Europe
延|の.びる, の.べる, エン|prolong, stretching
依|よ.る, イ|reliant, depend on
拡|ひろ.がる, ひろ.げる, カク|broaden, extend, expand
価|あたい, カ|value, price
券|ケン|ticket
肩|かた, ケン|shoulder
呼|よ.ぶ, コ|call, call out to
肯|がえんじ.る, コウ|agreement, consent
祈|いの.る, キ|pray, wish
供|そな.える, とも, キョウ|submit, offer, present
況|まし.て, いわ.んや, キョウ|condition, situation
刺|さ.す, さ.さる, シ|thorn, pierce, stab
刻|きざ.む, きざ.み, コク|engrave, cut fine, chop
昇|のぼ.る, ショウ|rise up
若|わか.い, わか-, ジャク|young, if, perhaps
姓|セイ|surname
担|かつ.ぐ, にな.う, タン|shouldering, carry
宙|チュウ|mid-air, air, space, sky
怖|こわ.い, こわ.がる, フ|dreadful, be frightened
並|な.み, なら.べる, ヘイ|row, and, besides
沸|わ.く, わ.かす, フツ|seethe, boil, ferment
宝|たから, ホウ|treasure, wealth
抱|だ.く, いだ.く, ホウ|embrace, hug
枚|マイ|sheet of...
泥|どろ, デイ|mud, mire, adhere to
毒|ドク|poison, virus, venom
突|つ.く, トツ|stab, protruding
届|とど.ける, -とど.け, カイ|deliver, reach, arrive
彼|かれ, かの, ヒ|he, that, the
拝|おが.む, おろが.む, ハイ|worship, adore, pray to
杯|さかずき, ハイ|counter for cupfuls
泊|と.まる, と.める, ハク|overnight, put up at
到|いた.る, トウ|arrival, proceed, reach
乳|ちち, ち, ニュウ|milk, breasts
逃|に.げる, に.がす, トウ|escape, flee, shirk
背|せ, せい, ハイ|stature, height, back
畑|はた, はたけ|farm, field, garden
怒|いか.る, おこ.る, ド|angry, be offended
珍|めずら.しい, たから, チン|rare, curious, strange
保|たも.つ, ホ|protect, guarantee, keep
秒|ビョウ|second (1/60 minute)
封|フウ|seal, closing
律|リツ|rhythm, law, regulation
柱|はしら, チュウ|pillar, post, cylinder
段|ダン|grade, steps, stairs
城|しろ, ジョウ|castle
専|もっぱ.ら, セン|specialty, exclusive
泉|いずみ, セン|spring, fountain
浅|あさ.い, セン|shallow, superficial
柔|やわ.らか, やわ.らかい, ジュウ|tender, weakness
拾|ひろ.う, シュウ|pick up, gather, find
咲|さ.く, -ざき, ショウ|blossom, bloom
紅|べに, くれない, コウ|crimson, deep red
香|か, かお.り, コウ|incense, smell, perfume
砂|すな, サ|sand
狭|せま.い, せば.める, キョウ|cramped, narrow
挟|はさ.む, はさ.まる, キョウ|pinch, between
荒|あら.い, あら-, コウ|laid waste, rough, rude
郊|コウ|outskirts, suburbs
故|ゆえ, ふる.い, コ|happenstance, especially
枯|か.れる, か.らす, コ|wither, die, dry up
皆|みな, みんな, カイ|all, everything
革|かわ, カク|leather, become serious
看|み.る, カン|watch over, see
巻|ま.く, まき, カン|scroll, volume, book
案|つくえ, アン|plan, suggestion, draft
軒|のき, ケン|flats
原|はら, ゲン|meadow, original
恵|めぐ.む, めぐ.み, ケイ|favor, blessing, grace
降|お.りる, お.ろす, コウ|descend, precipitate
胸|むね, むな-, キョウ|bosom, breast, chest
恐|おそ.れる, おそ.る, キョウ|fear, dread, awe
座|すわ.る, ザ|squat, seat, cushion
耕|たがや.す, コウ|till, plow, cultivate
骨|ほね, コツ|skeleton, bone, remains
脂|あぶら, シ|fat, grease, tallow
修|おさ.める, おさ.まる, シュウ|discipline
純|ジュン|genuine, purity
将|まさ.に, はた, ショウ|leader, commander
捜|さが.す, ソウ|search, look for, locate
除|のぞ.く, -よ.け, ジョ|exclude, division (x/3)
針|はり, シン|needle, pin, staple
値|ね, あたい, チ|price, cost, value
恥|は.じる, はじ, チ|shame, dishonor
畜|チク|livestock
涙|なみだ, ルイ|tears, sympathy
恋|こ.う, こい, レン|romance, in love
粉|デシメートル, こ, フン|flour, powder, dust
浮|う.く, う.かれる, フ|floating, float
疲|つか.れる, -づか.れ, ヒ|exhausted, tire, weary
被|こうむ.る, おお.う, ヒ|incur, cover, veil
途|みち, ト|route, way, road
捕|と.らえる, と.らわれる, ホ|catch, capture
眠|ねむ.る, ねむ.い, ミン|sleep, die, sleepy
娘|むすめ, こ, ジョウ|daughter, girl
埋|う.める, う.まる, マイ|bury, be filled up
展|テン|unfold, expand
倒|たお.れる, -だお.れ, トウ|overthrow, fall
党|なかま, むら, トウ|party, faction, clique
凍|こお.る, こご.える, トウ|frozen, congeal
般|ハン|carrier, carry, all
悩|なや.む, なや.ます, ノウ|trouble, worry, in pain
盗|ぬす.む, ぬす.み, トウ|steal, rob, pilfer
脳|のうずる, ノウ|brain, memory
猫|ねこ, ビョウ|cat
軟|やわ.らか, やわ.らかい, ナン|soft
販|ハン|marketing, sell, trade
訪|おとず.れる, たず.ねる, ホウ|call on, visit, look up
符|フ|token, sign, mark, tally
貧|まず.しい, ヒン|poverty, poor
閉|と.じる, と.ざす, ヘイ|closed, shut
粒|つぶ, リュウ|grains, drop
涼|すず.しい, すず.む, リョウ|refreshing
欲|ほっ.する, ほ.しい, ヨク|longing, covetousness
翌|ヨク|the following, next
郵|ユウ|mail, stagecoach stop
紹|ショウ|introduce, inherit, help
頂|いただ.く, いただき, チョウ|place on the head
著|あらわ.す, いちじる.しい, チョ|renowned, publish, write
張|は.る, -は.り, チョウ|lengthen
袋|ふくろ, タイ|sack, bag, pouch
探|さぐ.る, さが.す, タン|grope, search, look for
掃|は.く, ソウ|sweep, brush
窓|まど, てんまど, ソウ|window, pane
授|さず.ける, さず.かる, ジュ|impart, instruct, grant
捨|す.てる, シャ|discard, throw away
婚|コン|marriage
採|と.る, サイ|pick, take, fetch
済|す.む, -ず.み, サイ|finish, come to an end
偶|たま, グウ|accidentally
掘|ほ.る, クツ|dig, delve, excavate
康|コウ|ease, peace
健|すこ.やか, ケン|healthy, health
異|こと, こと.なる, イ|uncommon, queerness
黄|き, こ-, コウ|yellow
乾|かわ.く, かわ.かす, カン|drought, dry, dessicate
基|もと, もとい, キ|fundamentals
域|イキ|range, region, limits
械|かせ, カイ|contraption, fetter
菓|カ|candy, cakes, fruit
割|わ.る, わり, カツ|proportion
換|か.える, -か.える, カン|interchange, period
奥|おく, おく.まる, オウ|heart, interior
偉|えら.い, イ|admirable, greatness
越|こ.す, -こ.す, エツ|surpass, cross over
敬|うやま.う, ケイ|awe, respect, honor
減|へ.る, へ.らす, ゲン|dwindle, decrease
雇|やと.う, コ|employ, hire
硬|かた.い, コウ|stiff, hard
御|おん-, お-, ギョ|honorable, manipulate
隅|すみ, グウ|corner, nook
勤|つと.める, -づと.め, キン|diligence
喫|の.む, キツ|consume, eat, drink
湿|しめ.る, しめ.す, シツ|damp, wet, moist
詞|シ|part of speech, words
畳|たた.む, たたみ, ジョウ|tatami mat
装|よそお.う, よそお.い, ソウ|attire, dress, pretend
善|よ.い, い.い, ゼン|virtuous, good, goodness
晴|は.れる, は.れ, セイ|clear up
尊|たっと.い, とうと.い, ソン|revered, valuable
替|か.える, か.え-, タイ|exchange, spare
超|こ.える, こ.す, チョウ|transcend, super-
遅|おく.れる, おく.らす, チ|slow, late, back, later
絡|から.む, から.まる, ラク|entwine, coil around
湾|いりえ, ワン|gulf, bay, inlet
腕|うで, ワン|arm, ability, talent
幅|はば, フク|hanging scroll, width
普|あまね.く, あまねし, フ|universal, wide(ly)
評|ヒョウ|evaluate, criticism
帽|ずきん, おお.う, ボウ|cap, headgear
補|おぎな.う, ホ|supplement, supply
募|つの.る, ボ|recruit, campaign
棒|ボウ|rod, stick, cane, pole
晩|バン|nightfall, night
鈍|にぶ.い, にぶ.る, ドン|dull, slow, foolish
塔|トウ|pagoda, tower, steeple
筒|つつ, トウ|cylinder, pipe, tube
痛|いた.い, いた.む, ツウ|pain, hurt, damage
渡|わた.る, -わた.る, ト|transit, ford, ferry
殿|との, -どの, デン|Mr., hall, mansion
塗|ぬ.る, ぬ.り, ト|paint, plaster, daub
賃|チン|fare, fee, hire, rent
福|フク|blessing, fortune, luck
腹|はら, フク|abdomen, belly, stomach
零|ぜろ, こぼ.す, レイ|zero, spill, overflow
裏|うら, リ|back, amidst, in
溶|と.ける, と.かす, ヨウ|melt, dissolve, thaw
預|あず.ける, あず.かる, ヨ|deposit, custody
暖|あたた.か, あたた.かい, ダン|warmth
節|ふし, -ぶし, セツ|node, season, period
寝|ね.る, ね.かす, シン|lie down, sleep, rest
蒸|む.す, む.れる, ジョウ|steam, heat, sultry
触|ふ.れる, さわ.る, ショク|contact, touch, feel
照|て.る, て.らす, ショウ|illuminate, shine
署|ショ|signature, govt office
辞|や.める, いな.む, ジ|resign, word, term
腰|こし, ヨウ|loins, hips, waist
歳|とし, とせ, サイ|year-end, age, occasion
詰|つ.める, つ.め, キツ|packed, close, pressed
靴|くつ, カ|shoes
群|む.れる, む.れ, グン|flock, group, crowd
傾|かたむ.く, かたむ.ける, ケイ|lean, incline, tilt
鉱|あらがね, コウ|mineral, ore
違|ちが.う, ちが.い, イ|difference, differ
煙|けむ.る, けむり, エン|smoke
較|くら.べる, カク|contrast, compare
誤|あやま.る, -あやま.る, ゴ|mistake, err, do wrong
疑|うたが.う, ギ|doubt, distrust
誌|シ|document, records
緒|お, いとぐち, ショ|thong, beginning
憎|にく.む, にく.い, ゾウ|hate, detest
層|ソウ|stratum, social class
踊|おど.る, ヨウ|jump, dance, leap, skip
暮|く.れる, く.らす, ボ|livelihood
滴|しずく, したた.る, テキ|drip, drop
認|みと.める, したた.める, ニン|acknowledge, witness
髪|かみ, ハツ|hair of the head
暴|あば.く, あば.れる, ボウ|outburst, rave, fret
標|しるべ, しるし, ヒョウ|signpost, seal, mark
膚|はだ, フ|skin, body, grain
舞|ま.う, -ま.う, ブ|dance, flit, circle
論|ロン|argument, discourse
蔵|くら, おさ.める, ゾウ|storehouse, hide, own
駐|チュウ|stop-over, reside in
震|ふる.う, ふる.える, シン|quake, shake, tremble
諸|もろ, ショ|various, many, several
劇|ゲキ|drama, play
権|おもり, かり, ケン|authority, power, rights
億|オク|hundred million, 10**8
鋭|するど.い, エイ|pointed, sharpness, edge
賢|かしこ.い, ケン|intelligent, wise
整|ととの.える, ととの.う, セイ|organize, arranging
操|みさお, あやつ.る, ソウ|maneuver, manipulate
頼|たの.む, たの.もしい, ライ|trust, request
壁|かべ, ヘキ|wall, lining (stomach)
磨|みが.く, す.る, マ|grind, polish, scour
薄|うす.い, うす-, ハク|dilute, thin, weak (tea)
燃|も.える, も.やす, ネン|burn, blaze, glow
濃|こ.い, ノウ|concentrated, thick
曇|くも.る, ドン|cloudy weather, cloud up
優|やさ.しい, すぐ.れる, ユウ|tenderness, excel
齢|よわい, とし, レイ|age
療|リョウ|heal, cure
燥|はしゃ.ぐ, ソウ|parch, dry up
濯|すす.ぐ, ゆす.ぐ, タク|laundry, wash, pour on
環|わ, カン|ring, circle, link
簡|カン|simplicity, brevity
贈|おく.る, ゾウ|presents, send, give to
難|かた.い, -がた.い, ナン|difficult, impossible
爆|は.ぜる, バク|bomb, burst open, pop
臓|はらわた, ゾウ|entrails, viscera
警|いまし.める, ケイ|admonish, commandment
乙|おと-, きのと, オツ|the latter, duplicate
丁|ひのと, チョウ|street, ward, town
刀|かたな, そり, トウ|sword, saber, knife
又|また, また-, ユウ|or again, furthermore
凡|およ.そ, おうよ.そ, ボン|mediocre
寸|スン|measurement, foot/10
及|およ.ぶ, およ.び, キュウ|reach out, exert
弓|ゆみ, キュウ|bow
己|おのれ, つちのと, コ|self, snake, serpent
士|シ|gentleman, samurai
丈|たけ, だけ, ジョウ|length, 10feet, measure
刃|は, やいば, ジン|blade, sword, edge
冗|ジョウ|superfluous, uselessness
升|ます, ショウ|measuring box, 1.8 liter
尺|シャク|shaku, Japanese foot
氏|うじ, -うじ, シ|family name, surname
幻|まぼろし, ゲン|phantasm, vision, dream
孔|あな, コウ|cavity, hole, slit, very
凶|キョウ|villain, evil, bad luck
斤|キン|axe, 1.32 lb, catty
井|い, セイ|well, well crib, town
刈|か.る, ガイ|reap, cut, clip, trim
仁|ジン|humanity, virtue
斗|ト|Big Dipper, 10 sho (vol)
爪|つめ, つま-, ソウ|claw, nail, talon
屯|トン|barracks, police station
弔|とむら.う, とぶら.う, チョウ|condolences, mourning
丹|に, タン|rust-colored, red
勿|なか.れ, なし, モチ|not, must not, do not
尤|もっと.も, とが.める, ユウ|reasonable, just
厄|ヤク|unlucky, misfortune
匂|にお.う, にお.い|fragrant, stink, glow
乏|とぼ.しい, とも.しい, ボウ|destitution, scarce
丙|ひのえ, ヘイ|third class, 3rd
弁|わきま.える, わ.ける, ベン|valve, petal, braid
尼|あま, ニ|nun
矛|ほこ, ム|halberd, arms
矢|や, シ|dart, arrow
旦|あき.らか, あきら, タン|daybreak, dawn, morning
只|ただ, シ|only, free, in addition
叩|たた.く, はた.く, コウ|strike, beat, hit
凸|でこ, トツ|convex, beetle brow
斥|しりぞ.ける, セキ|reject, retreat, recede
仙|セン|hermit, wizard, cent
瓦|かわら, ぐらむ, ガ|tile, gram
凹|くぼ.む, へこ.む, オウ|concave, hollow, sunken
丘|おか, キュウ|hill, knoll
句|ク|phrase, clause, sentence
甲|きのえ, コウ|armor, high (voice)
玄|ゲン|mysterious, occultness
巧|たく.み, たく.む, コウ|adroit, skilled
功|いさお, コウ|achievement, merits
穴|あな, ケツ|hole, aperture, slit
叱|しか.る, シツ|scold, reprove
囚|とら.われる, シュウ|captured, criminal
汁|しる, -しる, ジュウ|soup, juice, broth, sap
尻|しり, コウ|buttocks, hips, butt
丼|どんぶり, トン|bowl, bowl of food
匠|たくみ, ショウ|artisan, workman
巡|めぐ.る, めぐ.り, ジュン|patrol, go around
旬|ジュン|decameron, 10-day period
充|あ.てる, み.たす, ジュウ|allot, fill
芝|しば, シ|turf, lawn
朱|あけ, シュ|vermilion, cinnabar
至|いた.る, シ|climax, arrive, proceed
旨|むね, うま.い, シ|delicious, relish
后|きさき, コウ|empress, queen, after
江|え, コウ|creek, inlet, bay
此|これ, この, シ|this, current, next
刑|ケイ|punish, penalty
仰|あお.ぐ, おお.せ, ギョウ|face-up, look up, depend
朽|く.ちる, キュウ|decay, rot
吉|よし, キチ|good luck, joy
企|くわだ.てる, たくら.む, キ|undertake, scheme
缶|かま, カン|tin can, container
芋|いも, ウ|potato
扱|あつか.い, あつか.う, ソウ|handle, entertain
伊|かれ, イ|Italy, that one
舌|した, ゼツ|tongue, reed, clapper
尽|つ.くす, -つ.くす, ジン|exhaust, use up
迅|ジン|swift, fast
壮|さかん, ソウ|robust, manhood
吐|は.く, つ.く, ト|spit, vomit, belch
吊|つ.る, つる.す, チョウ|suspend, hang
羊|ひつじ, ヨウ|sheep
吏|リ|officer, an official
劣|おと.る, レツ|inferiority
妄|みだ.りに, モウ|delusion, unnecessarily
朴|ほう, ほお, ボク|crude, simple, plain
弐|ふた.つ, そえ, ニ|II, two, second
如|ごと.し, ジョ|likeness, like, such as
伐|き.る, そむ.く, バツ|fell, strike, attack
帆|ほ, ハン|sail
妃|きさき, ヒ|queen, princess
伏|ふ.せる, ふ.す, フク|prostrated, bend down
肘|ひじ, チュウ|elbow, arm
扶|たす.ける, フ|aid, help, assist
芳|かんば.しい, ホウ|perfume, balmy
邦|くに, ホウ|home country, country
尾|お, ビ|tail, end
伯|ハク|chief, count, earl
伴|ともな.う, ハン|consort, accompany
尿|ニョウ|urine
妊|はら.む, みごも.る, ニン|pregnancy
忍|しの.ぶ, しの.ばせる, ニン|endure, bear
把|ハ|grasp, faggot, bunch
妨|さまた.げる, ボウ|disturb, prevent, hamper
吠|ほえ.る, ほ.える, ハイ|bark, howl, cry
没|おぼ.れる, しず.む, ボツ|drown, sink, hide
妙|たえ, ミョウ|exquisite, strange
励|はげ.む, はげ.ます, レイ|encourage, be diligent
呂|せぼね, ロ|spine, backbone
抑|おさ.える, ヨク|repress, well, now
里|さと, リ|ri, village
呈|テイ|display, offer, present
廷|テイ|courts, imperial court
豆|まめ, まめ-, トウ|beans, pea, midget
那|なに, なんぞ, ナ|what?
択|えら.ぶ, タク|choose, select, elect
沢|さわ, うるお.い, タク|swamp
即|つ.く, つ.ける, ソク|instant, namely, as is
汰|おご.る, にご.る, タ|luxury, select
妥|ダ|gentle, peace, depravity
芯|シン|wick
杉|すぎ, サン|cedar, cryptomeria
亜|つ.ぐ, ア|Asia, rank next
壱|ひとつ, イチ|I, one
沖|おき, おきつ, チュウ|open sea, offing
我|われ, わ, ガ|ego, I, selfish, our
戒|いまし.める, カイ|commandment
肝|きも, カン|liver, pluck, nerve
岐|キ|branch off, fork in road
忌|い.む, い.み, キ|mourning, abhor
却|かえ.って, しりぞ.く, キャク|instead, on the contrary
汽|キ|vapor, steam
狂|くる.う, くる.おしい, キョウ|lunatic, insane, crazy
吟|ギン|versify, singing
系|ケイ|lineage, system
克|か.つ, コク|overcome, kindly
攻|せ.める, コウ|aggression, attack
坑|コウ|pit, hole
孝|コウ|filial piety
抗|あらが.う, コウ|confront, resist, defy
呉|く.れる, くれ, ゴ|give, do something for
沙|すな, よなげる, サ|sand
災|わざわ.い, サイ|disaster, calamity, woe
佐|サ|assistant, help
寿|ことぶき, ことぶ.く, ジュ|longevity
秀|ひい.でる, シュウ|excel, excellence
序|つい.で, ついで, ジョ|preface, beginning
抄|ショウ|extract, selection
肖|あやか.る, ショウ|resemblance
尚|なお, ショウ|esteem, furthermore
松|まつ, ショウ|pine tree
沼|ぬま, ショウ|marsh, lake, bog, swamp
宗|むね, シュウ|religion, sect
呪|まじな.う, のろ.い, ジュ|spell, curse, charm
邪|よこし.ま, ジャ|wicked, injustice, wrong
叔|シュク|uncle, youth
舎|やど.る, シャ|cottage, inn, hut, house
肢|シ|limb, arms & legs
昆|コン|descendants
忽|たちま.ち, ゆるが.せ, コツ|in a moment, instantly
祉|シ|welfare, happiness
侍|さむらい, はべ.る, ジ|waiter, samurai
弦|つる, ゲン|bowstring, chord
股|また, もも, コ|thigh, crotch
拘|かか.わる, コウ|arrest, seize, concerned
茎|くき, ケイ|stalk, stem
屈|かが.む, かが.める, クツ|yield, bend, flinch
径|みち, こみち, ケイ|diameter, path, method
享|う.ける, キョウ|receive, undergo
拒|こば.む, キョ|repel, refuse, reject
拠|よ.る, キョ|foothold, based on
宜|よろ.しい, よろ.しく, ギ|best regards, good
奇|く.しき, あや.しい, キ|strange, strangeness
拐|カイ|kidnap, falsify
劾|ガイ|censure
芽|め, ガ|bud, sprout, spear, germ
怪|あや.しい, あや.しむ, カイ|suspicious, mystery
岳|たけ, ガク|point, peak, mountain
於|おい.て, お.ける, オ|at, in, on, as for
往|い.く, いにしえ, オウ|journey, chase away
殴|なぐ.る, オウ|assault, hit, beat
岡|おか, コウ|mount, hill, knoll
佳|カ|excellent, beautiful
沿|そ.う, -ぞ.い, エン|run alongside
炎|ほのお, エン|inflammation, flame
宛|あ.てる, -あて, エン|address, just like
或|あ.る, あるい, ワク|some, one, or, possibly
枢|とぼそ, からくり, スウ|hinge, pivot, door
炊|た.く, -だ.き, スイ|cook, boil
垂|た.れる, た.らす, スイ|droop, suspend, hang
拙|つたな.い, セツ|bungling, clumsy
析|セキ|chop, divide, tear
斉|そろ.う, ひと.しい, セイ|adjusted, alike, equal
征|セイ|subjugate
其|それ, その, キ|that
阻|はば.む, ソ|thwart, separate from
狙|ねら.う, ねら.い, ソ|aim at, sight, shadow
拓|ひら.く, タク|clear (the land), open
卓|タク|eminent, table, desk
忠|チュウ|loyalty, fidelity
抽|ひき-, チュウ|pluck, pull, extract
奈|いかん, からなし, ナ|Nara, what?
抵|テイ|resist, reach, touch
坪|つぼ, ヘイ|two-mat area, ‾36 sq ft
邸|やしき, テイ|residence, mansion
迭|テツ|transfer, alternation
典|テン|code, ceremony, law
炉|いろり, ロ|hearth, furnace, kiln
岬|みさき, コウ|headland, cape, spit
免|まぬか.れる, まぬが.れる, メン|excuse, dismissal
茂|しげ.る, モ|overgrown, grow thick
盲|めくら, モウ|blind, blind man
房|ふさ, ボウ|tassel, tuft, fringe
肪|ボウ|obese, fat
牧|まき, ボク|breed, care for
奔|はし.る, ホン|run, bustle
抹|マツ|rub, paint, erase
枕|まくら, チン|pillow
拍|ハク|clap, beat (music)
迫|せま.る, ハク|urge, force, imminent
肥|こ.える, こえ, ヒ|fertilizer, get fat
披|ヒ|expose, open
泌|ヒツ|ooze, flow, soak in
奉|たてまつ.る, まつ.る, ホウ|observance, offer
泡|あわ, ホウ|bubbles, foam, suds
併|あわ.せる, ヘイ|join, get together
苗|なえ, なわ-, ビョウ|seedling, sapling, shoot
附|つ.ける, つ.く, フ|affixed, attach
侮|あなど.る, あなず.る, ブ|scorn, despise
枠|わく|frame, framework
茹|ゆ.でる, う.でる, ジョ|boil, seethe
郎|おとこ, ロウ|son, counter for sons
眉|まゆ, ビ|eyebrow
柄|がら, え, ヘイ|design, pattern, build
赴|おもむ.く, フ|proceed, get, become
卑|いや.しい, いや.しむ, ヒ|lowly, base, vile
派|ハ|faction, group, party
肺|ハイ|lungs
胞|ホウ|placenta, sac, sheath
盆|ボン|basin, lantern festival
某|それがし, なにがし, ボウ|so-and-so, one
冒|おか.す, ボウ|risk, face, defy, dare
殆|ほとほと, ほとん.ど, タイ|almost, quite, really
柳|やなぎ, リュウ|willow
厘|リン|rin, 1/10sen, 1/10bu
幽|ふか.い, かす.か, ユウ|seclude
訂|テイ|revise, correct, decide
津|つ, シン|haven, port, harbor
亭|テイ|pavilion, restaurant
帝|みかど, テイ|sovereign, the emperor
剃|まい, そ.る, テイ|shave
貞|さだ, テイ|upright, chastity
峠|とうげ|mountain peak
洞|ほら, ドウ|den, cave, excavation
衷|チュウ|inmost, heart, mind
挑|いど.む, チョウ|challenge, contend for
勅|いまし.める, みことのり, チョク|imperial order
胎|タイ|womb, uterus
胆|きも, タン|gall bladder, courage
奏|かな.でる, ソウ|play music
促|うなが.す, ソク|stimulate, urge, press
耐|た.える, タイ|-proof, enduring
怠|おこた.る, なま.ける, タイ|neglect, laziness
俗|ゾク|vulgar, customs, manners
荘|ほうき, おごそ.か, ソウ|villa, inn, cottage
牲|セイ|animal sacrifice
宣|のたま.う, セン|proclaim, say, announce
窃|ぬす.む, ひそ.か, セツ|stealth, steal, secret
染|そ.める, -ぞ.め, セン|dye, color, paint, stain
甚|はなは.だ, はなは.だしい, ジン|tremendously, very
是|これ, この, ゼ|just so, this, right
哀|あわ.れ, あわ.れむ, アイ|pathetic, grief, sorrow
威|おど.す, おど.し, イ|intimidate, dignity
為|ため, な.る, イ|do, change, make
姻|イン|matrimony, marry
疫|エキ|epidemic
架|か.ける, か.かる, カ|erect, frame, mount
卸|おろ.す, おろし, シャ|wholesale
垣|かき, エン|hedge, fence, wall
冠|かんむり, カン|crown, best, peerless
括|くく.る, カツ|fasten, tie up, arrest
悔|く.いる, く.やむ, カイ|repent, regret
咳|せ.く, しわぶ.く, カイ|cough, clear throat
紀|キ|chronicle, account
軌|キ|rut, wheel, track, model
虐|しいた.げる, ギャク|tyrannize, oppress
糾|ただ.す, キュウ|twist, ask, investigate
峡|はざま, キョウ|gorge, ravine
契|ちぎ.る, ケイ|pledge, promise, vow
皇|コウ|emperor
垢|あか, はじ, コウ|dirt, grime, earwax
孤|コ|orphan, alone
恒|つね, つねに, コウ|constancy, always
洪|コウ|deluge, flood, vast
拷|ゴウ|torture, beat
弧|コ|arc, arch, bow
姿|すがた, シ|figure, form, shape
施|ほどこ.す, シ|alms, apply bandages
恨|うら.む, うら.めしい, コン|regret, bear a grudge
砕|くだ.く, くだ.ける, サイ|smash, break, crush
削|けず.る, はつ.る, サク|plane, sharpen, whittle
拶|せま.る, サツ|be imminent
狩|か.る, か.り, シュ|hunt, raid, gather
俊|シュン|sagacious, genius
臭|くさ.い, -くさ.い, シュウ|stinking, ill-smelling
昭|ショウ|shining, bright
叙|つい.ず, ついで, ジョ|confer, relate, narrate
盾|たて, ジュン|shield, escutcheon
浄|きよ.める, きよ.い, ジョウ|clean, purify, cleanse
侵|おか.す, シン|encroach, invade, raid
唇|くちびる, シン|lips
娠|シン|with child, pregnancy
振|ふ.る, ぶ.る, シン|shake, wave, wag, swing
浸|ひた.す, ひた.る, シン|immersed, soak, dip
症|ショウ|symptoms, illness
准|ジュン|quasi-, semi-, associate
徐|おもむ.ろに, ジョ|gradually, slowly
宵|よい, ショウ|wee hours, evening
祥|さいわ.い, きざ.し, ショウ|auspicious, happiness
称|たた.える, とな.える, ショウ|appellation, praise
従|したが.う, したが.える, ジュウ|accompany, obey
疾|はや.い, シツ|rapidly
殉|ジュン|martyrdom
珠|たま, シュ|pearl, gem, jewel
殊|こと, シュ|particularly, especially
酌|く.む, シャク|bar-tending
射|い.る, さ.す, シャ|shoot, shine into, onto
唆|そそ.る, そそのか.す, サ|tempt, seduce, instigate
宰|サイ|superintend, manager
剤|かる, けず.る, ザイ|dose, medicine, drug
桟|かけはし, サン|scaffold, cleat, frame
蚕|かいこ, こ, サン|silkworm
剛|ゴウ|sturdy, strength
栽|サイ|plantation, planting
索|サク|cord, rope
桜|さくら, オウ|cherry
娯|ゴ|recreation, pleasure
悟|さと.る, ゴ|enlightenment, perceive
倹|つま.しい, つづまやか, ケン|frugal, economy, thrifty
兼|か.ねる, -か.ねる, ケン|concurrently, and
剣|つるぎ, ケン|sabre, sword, blade
貢|みつ.ぐ, コウ|tribute, support
郡|こおり, グン|county, district
桑|くわ, ソウ|mulberry
恭|うやうや.しい, キョウ|respect, reverent
脅|おびや.かす, おど.す, キョウ|threaten, coerce
挙|あ.げる, あ.がる, キョ|raise, plan, project
宮|みや, キュウ|Shinto shrine
飢|う.える, キ|hungry, starve
既|すで.に, キ|previously, already
鬼|おに, おに-, キ|ghost, devil
陥|おちい.る, おとしい.れる, カン|collapse, fall into
華|はな, カ|splendor, flower, petal
蚊|か, ブン|mosquito
株|かぶ, シュ|stocks, stump, shares
釜|かま, フ|kettle, cauldron
核|カク|nucleus, core, kernel
恩|オン|grace, kindness
俺|おれ, われ, エン|I, myself
益|ま.す, エキ|benefit, gain, profit
悦|よろこ.ぶ, よろこ.ばす, エツ|ecstasy, joy, rapture
宴|うたげ, エン|banquet, feast, party
浦|うら, ホ|bay, creek, inlet, gulf
挨|ひら.く, アイ|push open
凄|さむ.い, すご.い, セイ|uncanny, weird
粋|いき, スイ|chic, style, purity
衰|おとろ.える, スイ|decline, wane, weaken
辱|はずかし.める, ジョク|embarrass, humiliate
陣|ジン|camp, battle array
扇|おうぎ, セン|fan, folding fan
栓|セン|plug, bolt, cork, bung
逝|ゆ.く, い.く, セイ|departed, die
隻|セキ|vessels
挿|さ.す, はさ.む, ソウ|insert, put in, graft
泰|タイ|peaceful, calm, peace
袖|そで, シュウ|sleeve, wing (building)
倉|くら, ソウ|godown, warehouse
素|もと, ソ|elementary, principle
租|ソ|tariff, crop tax
託|かこつ.ける, かこ.つ, タク|consign, requesting
逐|チク|pursue, drive away
秩|チツ|regularity, salary
致|いた.す, チ|doth, do, send, forward
透|す.く, す.かす, トウ|transparent, permeate
討|う.つ, トウ|chastise, attack, defeat
桃|もも, トウ|peach tree
匿|かくま.う, トク|hide, shelter, shield
胴|ドウ|trunk, torso
逓|かわ.る, たがいに, テイ|relay, in turn, sending
哲|さとい, あき.らか, テツ|philosophy, clear
唐|から, トウ|T'ang, China
倫|リン|ethics, companion
竜|たつ, いせ, リュウ|dragon, imperial
朗|ほが.らか, あき.らか, ロウ|melodious, clear, bright
烈|はげ.しい, レツ|ardent, violent
剖|ボウ|divide
紋|モン|family crest, figures
耗|モウ|decrease
脈|すじ, ミャク|vein, pulse, hope
紡|つむ.ぐ, ボウ|spinning
梅|うめ, バイ|plum
這|は.う, は.い, シャ|crawl, creep, grovel
俳|ハイ|haiku, actor
納|おさ.める, -おさ.める, ノウ|settlement, obtain, reap
秘|ひ.める, ひそ.か, ヒ|secret, conceal
班|ハン|squad, corps, unit
畔|あぜ, くろ, ハン|paddy ridge, levee
倣|なら.う, ホウ|emulate, imitate
俸|ホウ|stipend, salary
砲|ホウ|cannon, gun
峰|みね, ね, ホウ|summit, peak
陛|ヘイ|highness
姫|ひめ, ひめ-, キ|princess
紐|ひも, チュウ|string, cord, braid
俵|たわら, ヒョウ|bag, bale, sack
浜|はま, ヒン|seacoast, beach
敏|さとい, ビン|cleverness, agile, alert
紛|まぎ.れる, -まぎ.れ, フン|distract
浪|ロウ|wandering, waves
脇|わき, わけ, キョウ|armpit, the other way
瓶|かめ, ビン|flower pot, bottle, vial
票|ヒョウ|ballot, label, ticket
描|えが.く, か.く, ビョウ|sketch, compose, write
偏|かたよ.る, ヘン|partial, side
崩|くず.れる, -くず.れ, ホウ|crumble, die, demolish
舶|ハク|liner, ship
排|ハイ|repudiate, exclude
陪|バイ|obeisance, follow
粘|ねば.る, ネン|sticky, glutinous
培|つちか.う, バイ|cultivate, foster
堀|ほり, クツ|ditch, moat, canal
麻|あさ, マ|hemp, flax
密|ひそ.か, ミツ|secrecy, density (pop)
猛|モウ|fierce, rave, rush
訳|わけ, ヤク|translate, reason
累|ルイ|accumulate, involvement
隆|リュウ|hump, high, noble
陵|みささぎ, リョウ|mausoleum, imperial tomb
猟|かり, か.る, リョウ|game-hunting, shooting
悠|ユウ|permanence, distant
唯|ただ, ユイ|solely, only, merely
庸|ヨウ|commonplace, ordinary
悼|いた.む, トウ|lament, grieve over
笛|ふえ, テキ|flute, clarinet, pipe
添|そ.える, そ.う, テン|annexed, accompany
偵|テイ|spy
壷|つぼ, コ|jar, pot, hinge knuckle
釣|つ.る, つ.り, チョウ|angling, fish, catch
豚|ぶた, トン|pork, pig
陶|トウ|pottery, porcelain
彫|ほ.る, -ぼ.り, チョウ|carve, engrave, chisel
帳|とばり, チョウ|notebook, account book
窒|チツ|plug up, obstruct
眺|なが.める, チョウ|stare, watch, look at
陳|ひ.ねる, チン|exhibit, state, relate
逮|タイ|apprehend, chase
脱|ぬ.ぐ, ぬ.げる, ダツ|undress, removing
蛋|タン|barbarian, egg
淡|あわ.い, タン|thin, faint, pale
粗|あら.い, あら-, ソ|coarse, rough, rugged
爽|あき.らか, さわ.やか, ソウ|refreshing, bracing
措|お.く, ソ|set aside, give up
曽|かつ, かつて, ソウ|formerly, once, before
曹|つかさ, ともがら, ソウ|cadet, friend
巣|す, す.くう, ソウ|nest, rookery, hive
惜|お.しい, お.しむ, セキ|pity, be sparing of
崇|あが.める, スウ|adore, respect, revere
盛|も.る, さか.る, セイ|boom, prosper, copulate
旋|セン|rotation, go around
推|お.す, スイ|conjecture, infer, guess
据|す.える, す.わる, キョ|set, lay a foundation
酔|よ.う, よ.い, スイ|drunk, feel sick
尉|イ|military officer, jailer
陰|かげ, かげ.る, イン|shade, yin, negative
逸|そ.れる, そ.らす, イツ|deviate, idleness
殻|から, がら, カク|husk, nut shell
掛|か.ける, -か.ける, カイ|hang, suspend, depend
勘|カン|intuition, perception
郭|くるわ, カク|enclosure, quarters
喝|カツ|hoarse, scold
渇|かわ.く, カツ|thirst, dry up, parch
崖|がけ, きし, ガイ|cliff, bluff, precipice
涯|はて, ガイ|horizon, shore
眼|まなこ, め, ガン|eyeball
患|わずら.う, カン|afflicted, disease
貫|つらぬ.く, ぬ.く, カン|pierce, 8 1/3lbs
偽|いつわ.る, にせ, ギ|falsehood, lie, deceive
脚|あし, キャク|skids, leg
虚|むな.しい, うつ.ろ, キョ|void, emptiness
菌|キン|germ, fungus, bacteria
郷|さと, キョウ|home town, village
啓|ひら.く, さと.す, ケイ|disclose, open, say
菊|キク|chrysanthemum
掲|かか.げる, ケイ|put up (a notice)
渓|たに, たにがわ, ケイ|mountain stream, valley
蛍|ほたる, ケイ|lightning-bug, firefly
頃|ころ, ごろ, ケイ|time, about, toward
控|ひか.える, ひか.え, コウ|withdraw, draw in
惨|みじ.め, いた.む, サン|wretched, disaster
執|と.る, シツ|tenacious, take hold
視|み.る, シ|inspection, regard as
崎|さき, さい, キ|promontory, cape, spit
紺|コン|dark blue, navy
彩|いろど.る, サイ|coloring, paint, makeup
斎|とき, つつし.む, サイ|purification
惚|ほけ.る, ぼ.ける, コツ|fall in love with
赦|シャ|pardon, forgiveness
斜|なな.め, はす, シャ|diagonal, slanting
釈|とく, す.てる, シャク|explanation
寂|さび, さび.しい, ジャク|loneliness, quietly
蛇|へび, ジャ|snake, serpent
粛|つつし.む, シュク|solemn, quietly, softly
淑|しと.やか, シュク|graceful, gentle, pure
渋|しぶ, しぶ.い, ジュウ|astringent, hesitate
訟|ショウ|sue, accuse
梢|こずえ, くすのき, ショウ|treetops, twig
渉|わた.る, ショウ|ford, ferry, port
庶|ショ|commoner, all, bastard
唱|とな.える, ショウ|chant, recite, call upon
剰|あまつさえ, あま.り, ジョウ|surplus, besides
紳|シン|sire, good belt
尋|たず.ねる, ひろ, ジン|inquire, fathom
硝|ショウ|nitrate, saltpeter
殖|ふ.える, ふ.やす, ショク|augment, increase
掌|てのひら, たなごころ, ショウ|manipulate, rule
循|ジュン|sequential, fellow
焦|こ.げる, こ.がす, ショウ|char, hurry, impatient
晶|ショウ|sparkle, clear, crystal
証|あかし, ショウ|evidence, proof
詔|みことのり, ショウ|imperial edict
粧|ショウ|cosmetics
就|つ.く, つ.ける, シュウ|concerning, settle
衆|おお.い, シュウ|masses, great numbers
軸|ジク|axis, pivot, stem, stalk
煮|に.る, -に, シャ|boil, cook
詐|いつわ.る, サ|lie, falsehood, deceive
裁|た.つ, さば.く, サイ|tailor, judge, decision
紫|むらさき, シ|purple, violet
滋|ジ|nourishing, more & more
傘|かさ, サン|umbrella
策|サク|scheme, plan, policy
慌|あわ.てる, あわ.ただしい, コウ|disconcerted
項|うなじ, コウ|paragraph, nape of neck
絞|しぼ.る, し.める, コウ|strangle, constrict
喧|やかま.しい, かまびす.しい, ケン|noisy, boisterous
圏|かこ.い, ケン|sphere, circle, radius
堅|かた.い, -がた.い, ケン|strict, hard, solid
喉|のど, コウ|throat, voice
遇|あ.う, グウ|interview, treat
琴|こと, キン|harp, koto
筋|すじ, キン|muscle, sinew, tendon
暁|あかつき, さと.る, ギョウ|daybreak, dawn
僅|わず.か, キン|a wee bit
距|へだ.たる, けづめ, キョ|long-distance, spur
閑|カン|leisure
欺|あざむ.く, ギ|deceit, cheat, delude
棋|ご, キ|chess piece
稀|まれ, まばら, キ|rare, phenomenal
貴|たっと.い, とうと.い, キ|precious, value, prize
敢|あ.えて, あ.えない, カン|daring, sad, tragic
棺|カン|coffin, casket
款|カン|goodwill, article
喚|わめ.く, カン|yell, cry, scream
堪|た.える, たま.る, カン|withstand, endure
揮|ふる.う, キ|brandish, wave, wag
幾|いく-, いく.つ, キ|how many, how much
賀|ガ|congratulations, joy
椅|イ|chair
街|まち, ガイ|boulevard, street, town
渦|うず, カ|whirlpool, eddy, vortex
握|にぎ.る, アク|grip, hold, mould sushi
援|エン|abet, help, save
詠|よ.む, うた.う, エイ|recitation, poem, song
随|まにま.に, したが.う, ズイ|follow, though
遂|と.げる, つい.に, スイ|consummate, accomplish
酢|す, サク|vinegar, sour, acid
診|み.る, シン|checkup, seeing
葬|ほうむ.る, ソウ|interment, bury, shelve
属|さかん, つく, ゾク|belong, genus
惰|ダ|lazy, laziness
揃|そろ.える, そろ.う, セン|be complete, uniform
堕|お.ちる, くず.す, ダ|degenerate, descend to
疎|うと.い, うと.む, ソ|alienate, rough, neglect
喪|も, ソウ|miss, mourning
創|つく.る, はじ.める, ソウ|genesis, wound, injury
訴|うった.える, ソ|accusation, sue
弾|ひ.く, -ひ.き, ダン|bullet, twang, flip
棚|たな, -だな, ホウ|shelf, ledge, rack
隊|タイ|regiment, party, company
塚|つか, -づか, チョウ|hillock, mound
棟|むね, むな-, トウ|ridgepole, ridge
痘|トウ|pox, smallpox
統|す.べる, ほび.る, トウ|overall, relationship
堤|つつみ, テイ|dike, bank, embankment
提|さ.げる, テイ|propose, take along
貼|は.る, つ.く, テン|stick, paste, apply
搭|トウ|board, load (a vehicle)
揚|あ.げる, -あ.げ, ヨウ|hoist, fry in deep fat
揺|ゆ.れる, ゆ.る, ヨウ|swing, shake, sway, rock
雄|お-, おす, ユウ|masculine, male, hero
湧|わ.く, ユウ|boil, ferment, seethe
猶|なお, ユウ|furthermore, still, yet
裕|ユウ|abundant, rich, fertile
嵐|あらし, ラン|storm, tempest
塁|とりで, ルイ|bases, fort, rampart
痢|リ|diarrhea
硫|リュウ|sulphur
廊|ロウ|corridor, hall, tower
裂|さ.く, さ.ける, レツ|split, rend, tear
愉|たの.しい, たの.しむ, ユ|pleasure, happy, rejoice
貰|もら.う, セイ|get, have, obtain
婿|むこ, セイ|bridegroom, son-in-law
媒|なこうど, バイ|mediator, go-between
覗|のぞ.く, うかが.う, シ|peep, peek
廃|すた.れる, すた.る, ハイ|abolish, obsolete
博|ハク|Dr., command, esteem
筈|はず, やはず, カツ|notch of an arrow, ought
蛮|えびす, バン|barbarian
扉|とびら, ヒ|front door, title page
傍|かたわ.ら, わき, ボウ|bystander, side, besides
遍|あまね.く, ヘン|everywhere, times
塀|ヘイ|fence, wall, (kokuji)
雰|フン|atmosphere, fog
惑|まど.う, ワク|beguile, delusion
壺|つぼ, コ|jar, pot
賄|まかな.う, ワイ|bribe, board, supply
碗|こばち, ワン|porcelain bowl, tea cup
墓|はか, ボ|grave, tomb
飽|あ.きる, あ.かす, ホウ|sated, tired of, bored
搬|ハン|conveyor, carry
微|かす.か, ビ|delicate, minuteness
鉢|ハチ|bowl, rice tub, pot
煩|わずら.う, わずら.わす, ハン|anxiety, trouble, worry
頒|わか.つ, ハン|distribute, disseminate
漠|バク|vague, obscure, desert
盟|メイ|alliance, oath
滅|ほろ.びる, ほろ.ぶ, メツ|destroy, ruin, overthrow
幕|とばり, マク|curtain, bunting
廉|レン|bargain, reason, charge
鈴|すず, レイ|small bell, buzzer
楼|たかどの, ロウ|watchtower, lookout
虜|とりこ, とりく, リョ|captive, barbarian
溜|た.まる, たま.る, リュウ|collect, gather
裸|はだか, ラ|naked, nude, uncovered
雷|かみなり, いかずち, ライ|thunder, lightning bolt
酪|ラク|dairy products, whey
誉|ほま.れ, ほ.める, ヨ|reputation, praise
頓|にわか.に, とん.と, トン|suddenly, immediately
艇|テイ|rowboat, small boat
督|トク|coach, command, urge
腸|はらわた, チョウ|intestines, guts, bowels
跳|は.ねる, と.ぶ, チョウ|hop, leap up, spring
馳|は.せる, チ|run, gallop, sail
蓄|たくわ.える, チク|amass
滝|たき, ロウ|waterfall, rapids
痴|し.れる, おろか, チ|stupid, foolish
稚|いとけない, おさない, チ|immature, young
嘆|なげ.く, なげ.かわしい, タン|sigh, lament, moan
僧|ソウ|Buddhist priest, monk
塑|でく, ソ|model, molding
践|ふ.む, セン|tread, step on, trample
禅|しずか, ゆず.る, ゼン|Zen, silent meditation
滞|とどこお.る, タイ|stagnate, be delayed
賊|ゾク|burglar, rebel, traitor
腎|ジン|kidney
睡|スイ|drowsy, sleep, die
裾|すそ, キョ|cuff, hem
跡|あと, セキ|tracks, mark, print
摂|おさ.める, かね.る, セツ|vicarious, surrogate
聖|ひじり, セイ|holy, saint, sage
誠|まこと, セイ|sincerity, admonish
鉛|なまり, エン|lead
猿|さる, エン|monkey
禍|わざわい, カ|calamity, misfortune
嫁|よめ, とつ.ぐ, カ|marry into, bride
該|ガイ|above-stated, the said
暇|ひま, いとま, カ|spare time, rest
隔|へだ.てる, へだ.たる, カク|isolate, alternate
滑|すべ.る, なめ.らか, カツ|slippery, slide, slip
褐|カツ|brown, woollen kimono
勧|すす.める, カン|persuade, recommend
雅|みや.び, ガ|gracious, elegant
嘩|かまびす.しい, カ|noisy
蓋|ふた, けだ.し, ガイ|cover, lid, flap
塊|かたまり, つちくれ, カイ|clod, lump, chink, clot
慨|ガイ|rue, be sad, sigh
頑|かたく, ガン|stubborn, foolish
寛|くつろ.ぐ, ひろ.い, カン|tolerant, leniency
幹|みき, カン|tree trunk
棄|す.てる, キ|abandon, throw away
義|ギ|righteousness, justice
愚|おろ.か, グ|foolish, folly
隙|すき, す.く, ゲキ|crevice, fissure
傑|すぐ.れる, ケツ|greatness, excellence
継|つ.ぐ, まま-, ケイ|inherit, succeed, patch
携|たずさ.える, たずさ.わる, ケイ|portable
碁|ゴ|Go
誇|ほこ.る, コ|boast, be proud, pride
源|みなもと, ゲン|source, origin
嫌|きら.う, きら.い, ケン|dislike, detest, hate
献|たてまつ.る, ケン|offering
絹|きぬ, ケン|silk
遣|つか.う, -つか.い, ケン|dispatch, despatch, send
溝|みぞ, コウ|gutter, ditch, sewer
鼓|つづみ, コ|drum, beat, rouse
嗣|シ|heir, succeed
飼|か.う, シ|domesticate, raise, keep
慈|いつく.しむ, ジ|mercy
詩|うた, シ|poem, poetry
載|の.せる, の.る, サイ|ride, board, get on
搾|しぼ.る, サク|squeeze
債|サイ|bond, loan, debt
催|もよう.す, もよお.す, サイ|sponsor
蒔|う.える, まく, シ|sow (seeds)
腫|は.れる, は.れ, シュ|tumor, swelling
愁|うれ.える, うれ.い, シュウ|distress, grieve, lament
酬|むく.いる, シュウ|repay, reward
詳|くわ.しい, つまび.らか, ショウ|detailed, full, minute
傷|きず, いた.む, ショウ|wound, hurt, injure
奨|すす.める, ショウ|exhort, urge, encourage
飾|かざ.る, かざ.り, ショク|decorate, ornament
慎|つつし.む, つつし, シン|humility, be careful
障|さわ.る, ショウ|hinder, hurt, harm
銃|つつ, ジュウ|gun, arms
彰|ショウ|patent, clear
塾|ジュク|cram school
需|ジュ|demand, request, need
遮|さえぎ.る, シャ|intercept, interrupt
魂|たましい, たま, コン|soul, spirit
雌|め-, めす, シ|feminine, female
磁|ジ|magnet, porcelain
漆|うるし, シツ|lacquer, varnish, seven
酸|す.い, サン|acid, bitterness, sour
綱|つな, コウ|hawser, class (genus)
酵|コウ|fermentation
豪|えら.い, ゴウ|overpowering, great
穀|コク|cereals, grain
酷|ひど.い, コク|cruel, severe, atrocious
獄|ゴク|prison, jail
駆|か.ける, か.る, ク|drive, run, gallop
鞄|かばん, ハク|suitcase, bag, briefcase
旗|はた, キ|national flag, banner
概|おおむ.ね, ガイ|outline, condition
閣|カク|tower, tall building
箇|カ|counters for things
寡|カ|widow, minority, few
餌|え, えば, ジ|food, bait, prey
嘘|うそ, ふ.く, キョ|lie, falsehood
隠|かく.す, かく.し, イン|conceal, hide, cover
稲|いね, いな-, トウ|rice plant
維|イ|fiber, tie, rope
誓|ちか.う, セイ|vow, swear, pledge
遭|あ.う, あ.わせる, ソウ|encounter, meet, party
態|わざ.と, タイ|attitude, condition
駄|ダ|burdensome, pack horse
噌|かまびす.しい, ソウ|boisterous
銭|ぜに, すき, セン|coin, .01 yen, money
漸|やや, ゼン|steadily
端|はし, は, タン|edge, origin, end, point
奪|うば.う, ダツ|rob, take by force
徴|しるし, チョウ|indications, sign, omen
嫡|チャク|legitimate wife
漬|つ.ける, つ.かる, シ|pickling, soak, moisten
徳|トク|benevolence, virtue
摘|つ.む, テキ|pinch, pick, pluck, trim
誘|さそ.う, いざな.う, ユウ|entice, lead, tempt
僚|リョウ|colleague, official
暦|こよみ, りゃく, レキ|calendar, almanac
膜|マク|membrane
僕|しもべ, ボク|me, I (male)
墨|すみ, ボク|black ink, India ink
銘|メイ|inscription
模|モ|imitation, copy, mock
慢|マン|ridicule, laziness
漫|みだり.に, そぞ.ろ, マン|cartoon, involuntarily
網|あみ, モウ|netting, network
罰|ばっ.する, バツ|penalty, punishment
閥|バツ|clique, lineage
碑|いしぶみ, ヒ|tombstone, monument
寧|むし.ろ, ネイ|rather, preferably
賑|にぎ.わい, にぎ.やか, シン|flourish, be bustling
慕|した.う, ボ|pining, yearn for
腐|くさ.る, -くさ.る, フ|rot, decay, sour
漂|ただよ.う, ヒョウ|drift, float (on liquid)
漏|も.る, も.れる, ロウ|leak, escape, time
敷|し.く, -し.き, フ|spread, pave, sit
賓|ヒン|V.I.P., guest
撫|な.でる, ブ|stroke, pat, smooth down
噴|ふ.く, フン|erupt, spout, emit
墳|フン|tomb, mound
憤|いきどお.る, フン|aroused, resent
膝|ひざ, シツ|knee, lap
賦|フ|levy, ode, prose, poem
舗|ホ|shop, store
穂|ほ, スイ|ear, ear (grain), head
幣|ぬさ, ヘイ|cash, bad habit
弊|ヘイ|abuse, evil, vice
褒|ほ.める, ホウ|praise, extol
縄|なわ, ただ.す, ジョウ|straw rope, cord
輩|-ばら, やから, ハイ|comrade, fellow, people
賠|バイ|compensation, indemnify
罷|まか.り-, や.める, ヒ|quit, stop, leave
盤|バン|tray, shallow bowl
箸|はし, チョ|chopsticks
黙|だま.る, もだ.す, モク|silence, become silent
魅|ミ|fascination, charm
撲|ボク|slap, strike, hit, beat
頬|ほお, ほほ, キョウ|cheek
範|ハン|pattern, example, model
摩|ま.する, さ.する, マ|chafe, rub, polish
霊|たま, レイ|spirits, soul
寮|リョウ|dormitory, hostel, villa
履|は.く, リ|footgear, shoes, boots
慮|おもんぱく.る, おもんぱか.る, リョ|prudence, thought
憂|うれ.える, うれ.い, ユウ|melancholy, grieve
窯|かま, ヨウ|kiln, oven, furnace
養|やしな.う, ヨウ|foster, bring up, rear
敵|かたき, あだ, テキ|enemy, foe, opponent
徹|テツ|penetrate, clear, pierce
撤|テツ|remove, withdraw, disarm
賭|か.ける, かけ, ト|gamble, wager, bet
締|し.まる, し.まり, テイ|tighten, tie, shut, lock
墜|お.ちる, お.つ, ツイ|crash, fall (down)
踏|ふ.む, ふ.まえる, トウ|step, trample
憧|あこが.れる, ショウ|yearn after, long for
蝶|チョウ|butterfly
潮|しお, うしお, チョウ|tide, salt water
諾|ダク|consent, assent
鋳|い.る, チュウ|casting, mint
誰|だれ, たれ, スイ|who, someone, somebody
誕|タン|nativity, be born
遷|うつ.る, うつ.す, セン|transition, move, change
槽|ふね, ソウ|vat, tub, tank
請|こ.う, う.ける, セイ|solicit, invite, ask
潜|ひそ.む, もぐ.る, セン|submerge, conceal, hide
澄|す.む, す.ます, チョウ|lucidity, be clear
噂|うわさ, ソン|rumor, gossip, hearsay
慰|なぐさ.める, なぐさ.む, イ|consolation, amusement
影|かげ, エイ|shadow, silhouette
謁|エツ|audience
閲|けみ.する, エツ|review, inspection
縁|ふち, ふちど.る, エン|affinity, relation
遺|のこ.す, イ|bequeath, leave behind
稼|かせ.ぐ, カ|earnings, work
潟|かた, -がた, セキ|lagoon
噛|か.む, か.じる, コウ|chew, bite, gnaw
餓|う.える, ガ|starve, hungry, thirst
嬉|うれ.しい, たの.しむ, キ|glad, pleased, rejoice
歓|よろこ.ぶ, カン|delight, joy
監|カン|oversee, official
緩|ゆる.い, ゆる.やか, カン|slacken, loosen, relax
窮|きわ.める, きわ.まる, キュウ|hard up, destitute
輝|かがや.く, キ|radiance, shine, sparkle
儀|ギ|ceremony, rule, affair
戯|たわむ.れる, ざ.れる, ギ|frolic, play, sport
勲|いさお, クン|meritorious deed, merit
慶|よろこ.び, ケイ|jubilation, congratulate
潔|いさぎよ.い, ケツ|undefiled, pure, clean
緊|し.める, し.まる, キン|tense, solid, hard
稿|わら, したがき, コウ|draft, copy, manuscript
撃|う.つ, ゲキ|beat, attack, defeat
暫|しばら.く, ザン|temporarily, a while
撒|ま.く, サン|scatter, sprinkle
賜|たまわ.る, たま.う, シ|grant, gift, boon
撮|と.る, つま.む, サツ|snapshot, take pictures
趣|おもむき, おもむ.く, シュ|gist, proceed to, tend
熟|う.れる, ジュク|mellow, ripen, mature
潤|うるお.う, うるお.す, ジュン|wet, be watered
遵|ジュン|abide by, follow, obey
衝|つ.く, ショウ|collide, brunt, highway
嘱|しょく.する, たの.む, ショク|entrust, request
審|つまび.らか, つぶさ.に, シン|hearing, judge, trial
壌|つち, ジョウ|lot, earth, soil
嬢|むすめ, ジョウ|lass, girl, Miss
獣|けもの, けだもの, ジュウ|animal, beast
縦|たて, ジュウ|vertical, length, height
儒|ジュ|Confucian
樹|き, ジュ|timber trees, wood
諮|はか.る, シ|consult with
錯|サク|confused, mix
激|はげ.しい, ゲキ|violent, get excited
憲|ケン|constitution, law
墾|コン|ground-breaking
鋼|はがね, コウ|steel
衡|コウ|equilibrium
凝|こ.る, こ.らす, ギョウ|congeal, freeze, stiff
興|おこ.る, おこ.す, コウ|entertain, revive
稽|かんが.える, とど.める, ケイ|think, consider
憩|いこ.い, いこ.う, ケイ|recess, rest, relax
薫|かお.る, クン|send forth fragrance
還|かえ.る, カン|send back, return
憾|うら.む, カン|remorse, regret
懐|ふところ, なつ.かしい, カイ|pocket, feelings, heart
壊|こわ.す, こわ.れる, カイ|demolition, break
獲|え.る, カク|seize, get, find, earn
穏|おだ.やか, オン|calm, quiet, moderation
憶|オク|recollection, think
衛|エイ|defense, protection
緯|よこいと, ぬき, イ|horizontal, woof
薦|すす.める, セン|recommend, mat, advise
錠|ジョウ|lock, fetters, shackles
濁|にご.る, にご.す, ダク|voiced, uncleanness
壇|ダン|podium, stage, rostrum
糖|トウ|sugar
篤|あつ.い, トク|fervent, kind, cordial
謎|なぞ, メイ|riddle, puzzle, enigma
謡|うた.い, うた.う, ヨウ|noh chanting
諭|さと.す, ユ|rebuke, admonish, charge
融|と.ける, と.かす, ユウ|dissolve, melt
擁|ヨウ|hug, embrace, possess
隣|とな.る, となり, リン|neighboring
錬|ね.る, レン|tempering, refine, drill
膨|ふく.らむ, ふく.れる, ボウ|swell, get fat, thick
謀|はか.る, たばか.る, ボウ|conspire, cheat
繁|しげ.る, しげ.く, ハン|luxuriant, thick
縛|しば.る, バク|truss, arrest, bind, tie
避|さ.ける, よ.ける, ヒ|evade, avoid, avert
縫|ぬ.う, ホウ|sew, stitch, embroider
奮|ふる.う, フン|stirred up
髭|ひげ, くちひげ, シ|beard, mustache
頻|しき.りに, ヒン|repeatedly, recur
濡|ぬれ.る, ぬら.す, ジュ|get wet, damp, make love
翼|つばさ, ヨク|wing, plane, flank
覧|み.る, ラン|perusal, see
鍋|なべ, カ|pot, pan, kettle
謄|トウ|mimeograph, copy
瞳|ひとみ, ドウ|pupil
聴|き.く, ゆる.す, チョウ|listen, headstrong
鍛|きた.える, タン|forge, discipline, train
鮮|あざ.やか, セン|fresh, vivid, clear
霜|しも, ソウ|frost
繊|セン|slender, fine
闇|やみ, くら.い, アン|get dark, gloom
轄|くさび, カツ|control, wedge
霞|かすみ, かす.む, カ|be hazy, grow dim
擬|まが.い, もど.き, ギ|mimic, aim (a gun) at
犠|いけにえ, ギ|sacrifice
謹|つつし.む, キン|discreet, reverently
矯|た.める, キョウ|rectify, straighten
購|コウ|subscription, buy
謙|ケン|self-effacing
鍵|かぎ, ケン|key
厳|おごそ.か, きび.しい, ゲン|stern, strictness
擦|す.る, す.れる, サツ|grate, rub, scratch
懇|ねんご.ろ, コン|sociable, kind
謝|あやま.る, シャ|apologize, thank, refuse
縮|ちぢ.む, ちぢ.まる, シュク|shrink, contract
醜|みにく.い, しこ, シュウ|ugly, unclean, shame
礁|ショウ|reef, sunken rock
償|つぐな.う, ショウ|reparation, make up for
醤|ひしお, ショウ|a kind of miso
織|お.る, お.り, ショク|weave, fabric
瞬|またた.く, まじろ.ぐ, シュン|wink, blink, twinkle
鎖|くさり, とざ.す, サ|chain, irons, connection
顕|あきらか, あらわ.れる, ケン|appear, existing
襟|えり, キン|collar, neck, lapel
騎|キ|equestrian
穫|カク|harvest, reap
騒|さわ.ぐ, うれい, ソウ|boisterous, make noise
繕|つくろ.う, ゼン|darning, repair, mend
礎|いしずえ, ソ|cornerstone
鎮|しず.める, しず.まる, チン|tranquilize
懲|こ.りる, こ.らす, チョウ|penal, chastise, punish
藤|ふじ, トウ|wisteria
闘|たたか.う, あらそ.う, トウ|fight, war
濫|みだ.りに, みだ.りがましい, ラン|excessive, overflow
離|はな.れる, はな.す, リ|detach, separation
臨|のぞ.む, リン|look to, face, meet
糧|かて, リョウ|provisions, food, bread
翻|ひるがえ.る, ひるがえ.す, ホン|flip, turn over, wave
繭|まゆ, きぬ, ケン|cocoon
癒|い.える, いや.す, ユ|healing, cure
藩|ハン|clan, enclosure
覆|おお.う, くつがえ.す, フク|capsize, cover, shade
癖|くせ, くせ.に, ヘキ|mannerism, habit, vice
簿|ボ|register, record book
譜|フ|musical score, music
覇|はたがしら, ハ|hegemony, supremacy
霧|きり, ム|fog, mist
麗|うるわ.しい, うら.らか, レイ|lovely, beautiful
羅|うすもの, ラ|gauze, thin silk, Rome
蘇|よみがえ.る, ソ|be resuscitated, revived
藻|も, ソウ|seaweed, duckweed
瀬|せ, ライ|rapids, current, torrent
髄|ズイ|marrow, pith
韻|イン|rhyme, elegance, tone
鏡|かがみ, キョウ|mirror, speculum
繰|く.る, ソウ|winding, reel, spin
鶏|にわとり, とり, ケイ|chicken
鯨|くじら, ゲイ|whale
蹴|け.る, シュク|kick
譲|ゆず.る, ジョウ|defer, turnover
醸|かも.す, ジョウ|brew, cause
鐘|かね, ショウ|bell, gong, chimes
懸|か.ける, か.かる, ケン|suspend, hang, 10%
護|まも.る, ゴ|safeguard, protect
響|ひび.く, キョウ|echo, sound, resound
籍|セキ|enroll
騰|あが.る, のぼ.る, トウ|inflation, advancing
欄|てすり, ラン|column, handrail, blank
露|つゆ, ロ|dew, tears, expose
躍|おど.る, ヤク|leap, dance, skip
魔|マ|witch, demon
艦|カン|warship
顧|かえり.みる, コ|look back, review
襲|おそ.う, かさ.ね, シュウ|attack, advance on
驚|おどろ.く, おどろ.かす, キョウ|wonder, be surprised
鑑|かんが.みる, かがみ, カン|specimen
