あいかわらず||as ever,as usual,the same|JLPT N2
アイデア/アイディア||idea|JLPT N2
あいまい||vague,ambiguous|JLPT N2
遭う|あう|to meet,to encounter (undesirable nuance)|JLPT N2
扇ぐ|あおぐ|to fan,to flap|JLPT N2
青白い|あおじろい|pale,pallid|JLPT N2
あかんぼう||baby|JLPT N2
明き|あき|room,time to spare,emptiness|JLPT N2
あきれる||to be amazed,to be shocked|JLPT N2
アクセント||accent|JLPT N2
あくび||yawn|JLPT N2
飽くまで|あくまで|to the end,to the last,stubbornly|JLPT N2
明け方|あけがた|dawn|JLPT N2
揚げる|あげる|to lift,to fry|JLPT N2
挙げる|あげる|to raise,to fly|JLPT N2
あげる (=やる)||to do for|JLPT N2
憧れる|あこがれる|to long for,to yearn after,to admire|JLPT N2
足跡|あしあと|footprints|JLPT N2
味わう|あじわう|to taste,to savor,to relish|JLPT N2
預かる|あずかる|to keep in custody,to receive on deposit,to take charge of|JLPT N2
暖まる|あたたまる|to warm up,to get warm|JLPT N2
暖める|あたためる|to warm,to heat|JLPT N2
あたりまえ||usual,common,ordinary|JLPT N2
あちらこちら||here and there|JLPT N2
厚かましい|あつかましい|impudent,shameless,brazen|JLPT N2
圧縮|あっしゅく|compression,condensation,pressure|JLPT N2
宛名|あてな|address,direction|JLPT N2
あてはまる||to be applicable,to come under (a category),to fulfill|JLPT N2
あてはめる||to apply,to adapt|JLPT N2
暴れる|あばれる|to act violently,to rage,to struggle,to be riotous|JLPT N2
脂|あぶら|fat,tallow,lard|JLPT N2
あぶる||to scorch|JLPT N2
あふれる||to flood,to overflow,to brim over|JLPT N2
雨戸|あまど|sliding storm door|JLPT N2
甘やかす|あまやかす|to pamper,to spoil|JLPT N2
余る|あまる|to remain,to be left over,to be in excess,to be too many|JLPT N2
編物|あみもの|knitting,web|JLPT N2
編む|あむ|to knit|JLPT N2
危うい|あやうい|dangerous,critical,grave|JLPT N2
怪しい|あやしい|suspicious,dubious,doubtful|JLPT N2
荒い|あらい|rough,rude,wild|JLPT N2
あらすじ||outline,summary|JLPT N2
争う|あらそう|to dispute,to argue,to be at variance,to compete|JLPT N2
改めて|あらためて|another time,again,over again,anew,formally|JLPT N2
改める|あらためる|to change,to alter,to reform,to revise|JLPT N2
著す|あらわす|to write,to publish|JLPT N2
有難い|ありがたい|grateful,thankful,welcome,appreciated,evoking gratitude|JLPT N2
在る|ある|to live,to be|JLPT N2
あれこれ||one thing or another,this and that,this or that|JLPT N2
あわただしい||busy,hurried,confused,flurried|JLPT N2
あわてる||to become confused|JLPT N2
安易|あんい|easy-going|JLPT N2
案外|あんがい|unexpectedly|JLPT N2
アンテナ||antenna|JLPT N2
言い出す|いいだす|to start talking,to speak,to tell,to propose,to suggest,to break the ice|JLPT N2
言い付ける|いいつける|to tell,to tell on (someone),to order|JLPT N2
意義|いぎ|meaning,significance|JLPT N2
生き生き|いきいき|vividly,lively|JLPT N2
いきなり||(uk) abruptly,suddenly,all of a sudden,without warning|JLPT N2
育児|いくじ|childcare,nursing,upbringing|JLPT N2
幾分|いくぶん|somewhat|JLPT N2
生け花|いけばな|(1) flower arrangement|JLPT N2
以後|いご|after this,from now on,hereafter,thereafter|JLPT N2
以降|いこう|on and after,hereafter,thereafter|JLPT N2
イコール||equal|JLPT N2
勇ましい|いさましい|brave,valiant,gallant,courageous|JLPT N2
衣食住|いしょくじゅう|necessities of life (food, clothing, etc.)|JLPT N2
意地悪|いじわる|malicious,ill-tempered,unkind|JLPT N2
いちいち||one by one,separately|JLPT N2
一応|いちおう|once,tentatively,in outline,for the time being|JLPT N2
一段と|いちだんと|greater,more,further,still more|JLPT N2
一流|いちりゅう|first class,top grade,foremost,top-notch|JLPT N2
佚|いつ|be lost,peace,hide,mistake,beautiful,in turn|JLPT N2
一斉|いっせい|simultaneous,all at once|JLPT N2
一旦|いったん|once,for a moment,one morning,temporarily|JLPT N2
一定|いってい|fixed,settled,definite|JLPT N2
いつのまにか||before one knows,unnoticed,unawares|JLPT N2
移転|いてん|moving,transfer,demise|JLPT N2
井戸|いど|water well|JLPT N2
緯度|いど|latitude (nav.)|JLPT N2
従姉妹|いとこ|cousin (female)|JLPT N2
威張る|いばる|to be proud,to swagger|JLPT N2
嫌がる|いやがる|to hate,to dislike|JLPT N2
いよいよ||more and more,all the more,increasingly,at last,beyond doubt|JLPT N2
煎る|いる|to parch,to fry|JLPT N2
入れ物|いれもの|container,case,receptacle|JLPT N2
インキ||ink|JLPT N2
インタビュー||interview|JLPT N2
引力|いんりょく|gravity|JLPT N2
ウーマン||woman|JLPT N2
ウール||wool|JLPT N2
ウエートレス||waitress|JLPT N2
植木|うえき|garden shrubs,trees,potted plant|JLPT N2
飢える|うえる|to starve|JLPT N2
浮ぶ|うかぶ|to float,to rise to surface,to come to mind|JLPT N2
浮かべる|うかべる|to float,to express,to look (sad, glad)|JLPT N2
浮く|うく|to float,to become merry,to become loose|JLPT N2
承る|うけたまわる|(hum) to hear,to be told,to know|JLPT N2
受取|うけとり|receipt|JLPT N2
受け持つ|うけもつ|to take (be in) charge of|JLPT N2
薄暗い|うすぐらい|dim,gloomy|JLPT N2
薄める|うすめる|to dilute,to water down|JLPT N2
打合せ|うちあわせ|business meeting,previous arrangement,appointment|JLPT N2
打ち消す|うちけす|to deny,to negate,to contradict|JLPT N2
討つ|うつ|to attack,to avenge|JLPT N2
うっかり||carelessly,thoughtlessly,inadvertently|JLPT N2
映す|うつす|to project,to reflect,to cast (shadow)|JLPT N2
写る|うつる|to be photographed,to be projected|JLPT N2
映る|うつる|to be reflected,to harmonize with,to come out (photo)|JLPT N2
うどん||noodles (Japanese)|JLPT N2
有無|うむ|yes or no,existence,flag indicator (comp),presence or absence marker|JLPT N2
埋める|うめる|to bury,to fill up,to fill (a seat, a vacant position)|JLPT N2
敬う|うやまう|to show respect,to honour|JLPT N2
裏返す|うらがえす|to turn inside out,to turn (something) over|JLPT N2
裏口|うらぐち|backdoor,rear entrance|JLPT N2
占う|うらなう|to forecast,to predict|JLPT N2
恨み|うらみ|resentment|JLPT N2
恨む|うらむ|to curse,to feel bitter|JLPT N2
羨ましい|うらやましい|envious,enviable|JLPT N2
羨む|うらやむ|to envy|JLPT N2
売上|うりあげ|amount sold,proceeds|JLPT N2
売り切れ|うりきれ|sold-out|JLPT N2
売り切れる|うりきれる|to be sold out|JLPT N2
売行き|うれゆき|sales|JLPT N2
うろうろ||loiteringly,aimless wandering|JLPT N2
運河|うんが|canal,waterway|JLPT N2
うんと||a great deal,very much|JLPT N2
英文|えいぶん|sentence in English|JLPT N2
英和|えいわ|English-Japanese (e.g. dictionary)|JLPT N2
ええと||let me see,well,er....|JLPT N2
液体|えきたい|liquid,fluid|JLPT N2
エチケット||etiquette|JLPT N2
絵の具|えのぐ|colors,paints|JLPT N2
エプロン||apron|JLPT N2
偉い|えらい|great,celebrated,eminent,terrible,awful,famous,remarkable,excellent|JLPT N2
宴会|えんかい|party,banquet|JLPT N2
園芸|えんげい|horticulture,gardening|JLPT N2
演劇|えんげき|play (theatrical)|JLPT N2
円周|えんしゅう|circumference|JLPT N2
遠足|えんそく|trip,hike,picnic|JLPT N2
延長|えんちょう|extension,elongation,prolongation,lengthening|JLPT N2
煙突|えんとつ|chimney|JLPT N2
追い掛ける|おいかける|to chase or run after someone,to run down,to pursue|JLPT N2
追い越す|おいこす|to pass (e.g. car),to outdistance,to outstrip|JLPT N2
オイル||oil,engine oil,kerosene|JLPT N2
応援|おうえん|aid,assistance,help,reinforcement|JLPT N2
王女|おうじょ|princess|JLPT N2
応ずる|おうずる|to answer,to respond,to meet,to satisfy,to accept|JLPT N2
応接|おうせつ|reception|JLPT N2
応対|おうたい|receiving,dealing with|JLPT N2
往復|おうふく|(col) round trip,coming and going,return ticket|JLPT N2
欧米|おうべい|Europe and America,the West|JLPT N2
応用|おうよう|application,put to practical use|JLPT N2
オーケストラ||orchestra|JLPT N2
おおざっぱ||rough (not precise),broad,sketchy|JLPT N2
大通り|おおどおり|main street|JLPT N2
オートメーション||automation|JLPT N2
大凡|おおよそ|about,roughly,as a rule,approximately|JLPT N2
お帰り|おかえり|return,welcome|JLPT N2
おかげさまで||Thanks to god,thanks to you|JLPT N2
おかず||side dish,accompaniment for rice dishes|JLPT N2
拝む|おがむ|to worship,to beg,to make a supplication|JLPT N2
お代わり|おかわり|second helping,another cup|JLPT N2
補う|おぎなう|to compensate for|JLPT N2
屋外|おくがい|outdoors|JLPT N2
おくさん||(hon) wife,your wife,madam|JLPT N2
送り仮名|おくりがな|part of word written in kana|JLPT N2
怠る|おこたる|to neglect,to be off guard,to be feeling better|JLPT N2
押える|おさえる|to stop,to restrain,to seize,to repress,to suppress,to press down|JLPT N2
おさきに||before,ahead,previously|JLPT N2
納める|おさめる|to obtain,to reap,to pay,to supply,to accept|JLPT N2
治める|おさめる|(1) to govern,to manage,(2) to subdue|JLPT N2
惜しい|おしい|regrettable,disappointing,precious|JLPT N2
御辞儀|おじぎ|bow|JLPT N2
伯父さん|おじさん|middle-aged gentleman,uncle|JLPT N2
小父さん|おじさん|middle-aged gentleman,uncle|JLPT N2
叔父さん|おじさん|middle-aged gentleman,uncle|JLPT N2
おしゃれ||smartly dressed,someone smartly dressed,fashion-conscious|JLPT N2
おじゃまします||Excuse me for disturbing you|JLPT N2
教わる|おそわる|to be taught|JLPT N2
おだいじに||Take care of yourself|JLPT N2
落着く|おちつく|to calm down,to settle down|JLPT N2
御手洗|おてあらい|font of purifying water placed at entrance of shrine|JLPT N2
お手伝いさん|おてつだいさん|maid|JLPT N2
おどかす||to threaten,to coerce|JLPT N2
落し物|おとしもの|lost property|JLPT N2
おととい||day before yesterday|JLPT N2
おととし||year before last|JLPT N2
おとなしい||obedient,docile,quiet|JLPT N2
驚かす|おどろかす|to surprise,to frighten,to create a stir|JLPT N2
おねがいします||please|JLPT N2
各々|おのおの|each,every,either,respectively,severally|JLPT N2
伯母さん|おばさん|(hon) aunt|JLPT N2
叔母さん|おばさん|(1) aunt,(2) middle-aged lady|JLPT N2
おはよう||(abbr) Good morning|JLPT N2
お参り|おまいり|worship,shrine visit|JLPT N2
おまたせしました||Sorry to have kept you waiting|JLPT N2
おまちください||Please wait a moment|JLPT N2
おまちどおさま||Sorry to have kept you waiting|JLPT N2
おめでたい||happy event,matter for congratulation,auspicious event,pregnancy|JLPT N2
思い掛けない|おもいがけない|unexpected,casual|JLPT N2
思い込む|おもいこむ|to be under impression that,to be convinced that|JLPT N2
思い付く|おもいつく|to think of,to hit upon|JLPT N2
重たい|おもたい|heavy,massive,serious|JLPT N2
おやすみ||(1) holiday,absence,rest,(2) (exp) Good night|JLPT N2
おやつ||(1) between meal snack,afternoon refreshment|JLPT N2
親指|おやゆび|thumb|JLPT N2
オルガン||organ|JLPT N2
卸す|おろす|to sell wholesale,grated (vegetables)|JLPT N2
恩恵|おんけい|grace,favor,blessing,benefit|JLPT N2
温室|おんしつ|greenhouse|JLPT N2
温泉|おんせん|spa,hot spring,onsen|JLPT N2
温帯|おんたい|temperate zone|JLPT N2
御中|おんちゅう|and Company,Messrs.|JLPT N2
女の人|おんなのひと|woman|JLPT N2
蚊|か|mosquito|JLPT N2
カーブ||(1) curve,(2) curve ball (baseball)|JLPT N2
貝|かい|shell,shellfish|JLPT N2
開会|かいかい|opening of a meeting|JLPT N2
会館|かいかん|meeting hall,assembly hall|JLPT N2
改札|かいさつ|examination of tickets|JLPT N2
解散|かいさん|breakup,dissolution|JLPT N2
海水浴|かいすいよく|sea bathing,seawater bath|JLPT N2
回数|かいすう|number of times,frequency|JLPT N2
回数券|かいすうけん|book of tickets|JLPT N2
改正|かいせい|revision,amendment,alteration|JLPT N2
快晴|かいせい|good weather|JLPT N2
解説|かいせつ|explanation,commentary|JLPT N2
改造|かいぞう|(1) remodeling,(2) modding (comp)|JLPT N2
開通|かいつう|opening,open|JLPT N2
回転|かいてん|rotation,revolution,turning|JLPT N2
解答|かいとう|answer,solution|JLPT N2
回答|かいとう|reply,answer|JLPT N2
外部|がいぶ|the outside,external|JLPT N2
解放|かいほう|release,liberation,emancipation|JLPT N2
開放|かいほう|open,throw open,liberalization|JLPT N2
海洋|かいよう|ocean|JLPT N2
概論|がいろん|intro,outline,general remarks|JLPT N2
帰す|かえす|to send back|JLPT N2
却って|かえって|on the contrary,rather,all the more,instead|JLPT N2
代える|かえる|to exchange,to interchange,to substitute,to replace|JLPT N2
反る|かえる|to warp,to be warped,to curve|JLPT N2
家屋|かおく|house,building|JLPT N2
係わる|かかわる|to concern oneself in,to have to do with,to affect,to influence,to stick to (opinions)|JLPT N2
書留|かきとめ|writing down,putting on record,recording,making a note of,registration (of mail)|JLPT N2
書取|かきとり|dictation|JLPT N2
垣根|かきね|hedge|JLPT N2
掻く|かく|to scratch,to perspire|JLPT N2
嗅ぐ|かぐ|to sniff,to smell|JLPT N2
架空|かくう|aerial,overhead,fiction,fanciful|JLPT N2
各自|かくじ|individual,each|JLPT N2
拡充|かくじゅう|expansion|JLPT N2
学術|がくじゅつ|science,learning,scholarship|JLPT N2
各地|かくち|every place,various places|JLPT N2
拡張|かくちょう|expansion,extension,enlargement,escape (ESC)|JLPT N2
角度|かくど|angle|JLPT N2
学年|がくねん|year in school,grade in school|JLPT N2
学部|がくぶ|department of a university,undergraduate|JLPT N2
格別|かくべつ|exceptional|JLPT N2
確率|かくりつ|probability|JLPT N2
学力|がくりょく|scholarship,knowledge,literary ability|JLPT N2
掛け算|かけざん|multiplication|JLPT N2
可決|かけつ|approval,adoption (e.g. motion, bill),passage|JLPT N2
火口|かこう|a burner,origin of a fire|JLPT N2
下降|かこう|downward,descent,fall,drop,subsidence|JLPT N2
重なる|かさなる|to be piled up,lie on top of one another,overlap each other|JLPT N2
重ねる|かさねる|to pile up,to put something on another,to heap up,to add,to repeat|JLPT N2
飾り|かざり|decoration|JLPT N2
火山|かざん|volcano|JLPT N2
かしこまりました||certainly!|JLPT N2
貸し出し|かしだし|lending,loaning|JLPT N2
過失|かしつ|error,blunder,accident|JLPT N2
果実|かじつ|fruit,nut,berry.|JLPT N2
貸間|かしま|room to let|JLPT N2
貸家|かしや|house for rent|JLPT N2
個所|かしょ|passage,place,point,part|JLPT N2
過剰|かじょう|excess,over-|JLPT N2
かじる||to chew,to bite (at),to gnaw,to nibble|JLPT N2
課税|かぜい|taxation|JLPT N2
下線|かせん|underline,underscore|JLPT N2
カセット||cassette (tape)|JLPT N2
加速|かそく|acceleration|JLPT N2
加速度|かそくど|acceleration|JLPT N2
固い|かたい|stubborn,firm (not viscous or easily moved)|JLPT N2
堅い|かたい|hard (esp. wood),steadfast,honorable,stuffy writing|JLPT N2
片仮名|かたかな|katakana|JLPT N2
片付く|かたづく|to put in order,to dispose of,to solve|JLPT N2
塊|かたまり|lump,mass,clod,cluster|JLPT N2
固まる|かたまる|to harden,to solidify,to become firm,to become certain|JLPT N2
片道|かたみち|one-way (trip)|JLPT N2
傾く|かたむく|to incline toward,to slant,to lurch|JLPT N2
片寄る|かたよる|to be one-sided,to incline,to be partial|JLPT N2
学科|がっか|study subject,course of study|JLPT N2
学会|がっかい|scientific society,academic meeting|JLPT N2
楽器|がっき|musical instrument|JLPT N2
学級|がっきゅう|grade in school|JLPT N2
担ぐ|かつぐ|to shoulder,to carry on shoulder|JLPT N2
括弧|かっこ|parenthesis,brackets|JLPT N2
活字|かつじ|printing type|JLPT N2
活躍|かつやく|activity|JLPT N2
活力|かつりょく|vitality,energy|JLPT N2
仮定|かてい|assumption,supposition,hypothesis|JLPT N2
過程|かてい|process|JLPT N2
課程|かてい|course,curriculum|JLPT N2
仮名|かな|(n) alias,pseudonym,pen name|JLPT N2
仮名遣い|かなづかい|kana orthography,syllabary spelling|JLPT N2
鐘|かね|bell,chime|JLPT N2
加熱|かねつ|heating|JLPT N2
兼ねる|かねる|to hold (position),to serve,to be unable|JLPT N2
カバー||cover (ex. book)|JLPT N2
過半数|かはんすう|majority|JLPT N2
被せる|かぶせる|to cover (with something)|JLPT N2
釜|かま|iron pot,kettle|JLPT N2
紙屑|かみくず|wastepaper|JLPT N2
神様|かみさま|god|JLPT N2
剃刀|かみそり|razor|JLPT N2
ガム||chewing gum|JLPT N2
貨物|かもつ|cargo,freight|JLPT N2
かゆい||itchy,itching|JLPT N2
歌謡|かよう|song,ballad|JLPT N2
殻|から|shell,husk,hull,chaff|JLPT N2
カラー||collar,color,colour|JLPT N2
からかう||to ridicule,to tease,to banter with,to make fun of|JLPT N2
空っぽ|からっぽ|empty,vacant,hollow|JLPT N2
かるた||(n) playing cards (pt: carta)|JLPT N2
枯れる|かれる|to wither,to die (plant),to be blasted (plant)|JLPT N2
カロリー||calorie|JLPT N2
かわいがる||to love,to be affectionate|JLPT N2
乾かす|かわかす|to dry (clothes, etc.),to desiccate|JLPT N2
渇く|かわく|to be thirsty|JLPT N2
為替|かわせ|money order,exchange|JLPT N2
瓦|かわら|roof tile|JLPT N2
代る|かわる|(v5r,vi) to take the place of,to relieve,to be substituted for|JLPT N2
間隔|かんかく|space,interval,SPC|JLPT N2
換気|かんき|ventilation|JLPT N2
感激|かんげき|deep emotion,impression,inspiration|JLPT N2
鑑賞|かんしょう|appreciation|JLPT N2
感ずる|かんずる|to feel,to sense|JLPT N2
間接|かんせつ|indirection,indirectness|JLPT N2
乾燥|かんそう|dry,arid,insipid,dehydrated|JLPT N2
感想|かんそう|impressions,thoughts|JLPT N2
観測|かんそく|observation|JLPT N2
寒帯|かんたい|frigid zone|JLPT N2
官庁|かんちょう|government office,authorities|JLPT N2
勘違い|かんちがい|misunderstanding,wrong guess|JLPT N2
缶詰|かんづめ|packing (in cans),canning,canned goods,tin can|JLPT N2
乾電池|かんでんち|dry cell,battery|JLPT N2
関東|かんとう|eastern half of Japan, including Tokyo|JLPT N2
観念|かんねん|(1) idea,notion,conception,(2) sense (e.g. of duty)|JLPT N2
乾杯|かんぱい|toast (drink)|JLPT N2
看板|かんばん|sign,signboard,doorplate,poster|JLPT N2
看病|かんびょう|nursing (a patient)|JLPT N2
冠|かんむり|crown,diadem,first,best|JLPT N2
漢和|かんわ|Chinese Character-Japanese (e.g. dictionary)|JLPT N2
気圧|きあつ|atmospheric pressure|JLPT N2
器械|きかい|instrument|JLPT N2
着替え|きがえ|changing clothes,change of clothes|JLPT N2
機関車|きかんしゃ|locomotive,engine|JLPT N2
飢饉|ききん|famine|JLPT N2
器具|きぐ|utensil|JLPT N2
期限|きげん|term,period|JLPT N2
記号|きごう|symbol,code|JLPT N2
刻む|きざむ|to mince,to carve,to engrave|JLPT N2
儀式|ぎしき|ceremony,rite,ritual,service|JLPT N2
基準|きじゅん|standard,basis,criteria,norm|JLPT N2
規準|きじゅん|standard,basis,criteria,norm|JLPT N2
起床|きしょう|rising,getting out of bed|JLPT N2
着せる|きせる|to put on clothes|JLPT N2
基礎|きそ|foundation,basis|JLPT N2
気体|きたい|vapour,gas|JLPT N2
基地|きち|base|JLPT N2
きっかけ||chance,start,cue,excuse|JLPT N2
ぎっしり||tightly,fully|JLPT N2
基盤|きばん|foundation,basis|JLPT N2
客席|きゃくせき|guest seating|JLPT N2
客間|きゃくま|parlor,guest room|JLPT N2
ギャング||gang|JLPT N2
キャンパス||campus|JLPT N2
休業|きゅうぎょう|closed (e.g. store),business suspended,shutdown,holiday|JLPT N2
休講|きゅうこう|lecture cancelled|JLPT N2
休息|きゅうそく|rest,relief,relaxation|JLPT N2
給与|きゅうよ|allowance,grant,supply|JLPT N2
休養|きゅうよう|rest,break,recreation|JLPT N2
清い|きよい|clear,pure,noble|JLPT N2
強化|きょうか|strengthen,intensify,reinforce,solidify|JLPT N2
境界|きょうかい|boundary|JLPT N2
行事|ぎょうじ|event,function|JLPT N2
恐縮|きょうしゅく|shame,very kind of you,sorry to trouble|JLPT N2
教養|きょうよう|culture,education,refinement,cultivation|JLPT N2
行列|ぎょうれつ|(1) line,procession,(2) matrix (math)|JLPT N2
漁業|ぎょぎょう|fishing (industry)|JLPT N2
曲線|きょくせん|curve|JLPT N2
規律|きりつ|order,rules,law|JLPT N2
斬る|きる|(v5r) to behead,to murder|JLPT N2
気を付ける|きをつける|to be careful,to pay attention,to take care|JLPT N2
金魚|きんぎょ|goldfish|JLPT N2
区域|くいき|limits,boundary,domain,zone,sphere,territory|JLPT N2
偶数|ぐうすう|even number|JLPT N2
空想|くうそう|daydream,fantasy,fancy,vision|JLPT N2
空中|くうちゅう|sky,air|JLPT N2
クーラー||cooler,air conditioner|JLPT N2
釘|くぎ|nail|JLPT N2
区切る|くぎる|to punctuate,to cut off,to mark off,to stop,to put an end to|JLPT N2
櫛|くし|comb|JLPT N2
くしゃみ||sneeze|JLPT N2
苦情|くじょう|complaint,troubles,objection|JLPT N2
苦心|くしん|pain,trouble|JLPT N2
屑|くず|waste,scrap|JLPT N2
崩す|くずす|to destroy,to pull down,to make change (money)|JLPT N2
薬指|くすりゆび|ring finger|JLPT N2
崩れる|くずれる|to collapse,to crumble|JLPT N2
砕く|くだく|to break,to smash|JLPT N2
砕ける|くだける|to break,to be broken|JLPT N2
くたびれる||to get tired,to wear out|JLPT N2
くだらない||good-for-nothing,stupid,trivial,worthless|JLPT N2
唇|くちびる|lips|JLPT N2
口紅|くちべに|lipstick|JLPT N2
くっつく||to adhere to,to keep close to|JLPT N2
くっつける||to attach|JLPT N2
くどい||verbose,importunate,heavy (taste)|JLPT N2
句読点|くとうてん|punctuation marks|JLPT N2
配る|くばる|to distribute,to deliver|JLPT N2
工夫|くふう|labourer,worker|JLPT N2
区分|くぶん|division,section,classification|JLPT N2
組合せ|くみあわせ|combination|JLPT N2
組み立てる|くみたてる|to assemble,to set up,to construct|JLPT N2
汲む|くむ|(1) to draw (water),to dip,to scoop,to pump|JLPT N2
酌む|くむ|to serve sake|JLPT N2
悔しい|くやしい|regrettable,mortifying,vexing|JLPT N2
悔やむ|くやむ|to mourn|JLPT N2
クリーニング||cleaning,dry cleaning,laundry service|JLPT N2
くるむ||to be engulfed in,to be enveloped by,to wrap up|JLPT N2
くれぐれも||repeatedly,sincerely,earnestly|JLPT N2
郡|ぐん|country,district|JLPT N2
稽古|けいこ|practice,training,study|JLPT N2
敬語|けいご|honorific,term of respect|JLPT N2
蛍光灯|けいこうとう|fluorescent lamp,person who is slow to react|JLPT N2
形式|けいしき|form,formality,format,math expression|JLPT N2
継続|けいぞく|continuation|JLPT N2
毛糸|けいと|knitting wool|JLPT N2
経度|けいど|longitude|JLPT N2
系統|けいとう|system,family line,geological formation|JLPT N2
芸能|げいのう|public entertainment,accomplishments,attainments|JLPT N2
競馬|けいば|horse racing|JLPT N2
警備|けいび|defense,guard,policing,security|JLPT N2
形容詞|けいようし|true adjective|JLPT N2
形容動詞|けいようどうし|adjectival noun,quasi-adjective|JLPT N2
外科|げか|surgical department|JLPT N2
毛皮|けがわ|fur,skin,pelt|JLPT N2
激増|げきぞう|sudden increase|JLPT N2
下車|げしゃ|alighting,getting off|JLPT N2
下旬|げじゅん|month (last third of)|JLPT N2
下水|げすい|drainage,sewage,ditch,gutter,sewerage|JLPT N2
削る|けずる|to cut down little by little,to take a percentage|JLPT N2
桁|けた|column,beam,digit|JLPT N2
下駄|げた|geta (Japanese footwear),wooden clogs|JLPT N2
血圧|けつあつ|blood pressure|JLPT N2
血液|けつえき|blood|JLPT N2
月給|げっきゅう|monthly salary|JLPT N2
傑作|けっさく|masterpiece,best work,boner,blunder|JLPT N2
月末|げつまつ|end of the month|JLPT N2
気配|けはい|indication,market trend,worry|JLPT N2
下品|げひん|vulgarity,meanness,indecency,coarseness|JLPT N2
煙い|けむい|smoky|JLPT N2
蹴る|ける|to kick|JLPT N2
険しい|けわしい|inaccessible place,sharp eyes|JLPT N2
見学|けんがく|inspection,study by observation,field trip|JLPT N2
謙虚|けんきょ|modesty,humility|JLPT N2
原稿|げんこう|manuscript,copy|JLPT N2
原産|げんさん|place of origin,habitat|JLPT N2
原始|げんし|origin,primeval|JLPT N2
研修|けんしゅう|training|JLPT N2
厳重|げんじゅう|strict,rigour,severe,firm|JLPT N2
謙遜|けんそん|humble,humility,modesty|JLPT N2
県庁|けんちょう|prefectural office|JLPT N2
限度|げんど|limit,bounds|JLPT N2
現に|げんに|actually,really|JLPT N2
顕微鏡|けんびきょう|microscope|JLPT N2
原理|げんり|principle,theory,fundamental truth|JLPT N2
原料|げんりょう|raw materials|JLPT N2
碁|ご|Go (board game of capturing territory)|JLPT N2
恋しい|こいしい|(1) dear,beloved,darling,(2) yearned for|JLPT N2
請う|こう|to ask,to request|JLPT N2
工員|こういん|factory worker|JLPT N2
強引|ごういん|overbearing,coercive,pushy,forcible,high-handed|JLPT N2
公害|こうがい|public nuisance,pollution|JLPT N2
高級|こうきゅう|high class,high grade|JLPT N2
公共|こうきょう|public,community,public service,society,communal|JLPT N2
工芸|こうげい|industrial arts|JLPT N2
孝行|こうこう|filial piety|JLPT N2
交差|こうさ|cross|JLPT N2
講師|こうし|lecturer|JLPT N2
工事|こうじ|construction work|JLPT N2
公式|こうしき|formula,formality,official|JLPT N2
口実|こうじつ|excuse|JLPT N2
こうして|こうして|thus|JLPT N2
校舎|こうしゃ|school building|JLPT N2
公衆|こうしゅう|the public|JLPT N2
香水|こうすい|perfume|JLPT N2
公正|こうせい|justice,fairness,impartiality|JLPT N2
功績|こうせき|achievements,merit,meritorious service,meritorious deed|JLPT N2
光線|こうせん|beam,light ray|JLPT N2
高層|こうそう|upper|JLPT N2
構造|こうぞう|structure,construction|JLPT N2
交替|こうたい|alternation,change,relief,relay,shift|JLPT N2
耕地|こうち|arable land|JLPT N2
交通機関|こうつうきかん|transportation facilities|JLPT N2
校庭|こうてい|campus|JLPT N2
肯定|こうてい|positive,affirmation|JLPT N2
高度|こうど|altitude,height,advanced|JLPT N2
高等|こうとう|high class,high grade|JLPT N2
合同|ごうどう|combination,incorporation,union,amalgamation|JLPT N2
後輩|こうはい|junior (at work or school)|JLPT N2
公表|こうひょう|official announcement,proclamation|JLPT N2
鉱物|こうぶつ|mineral|JLPT N2
公務|こうむ|official business,public business|JLPT N2
項目|こうもく|item|JLPT N2
紅葉|こうよう|(1) (Japanese) maple|JLPT N2
合理|ごうり|rational|JLPT N2
交流|こうりゅう|alternating current,intercourse,(cultural) exchange,intermingling|JLPT N2
合流|ごうりゅう|confluence,union,linking up,merge|JLPT N2
効力|こうりょく|effect,efficacy,validity,potency|JLPT N2
超える|こえる|to exceed,to cross over,to cross|JLPT N2
コース||course|JLPT N2
コーラス||chorus|JLPT N2
焦がす|こがす|to burn,to scorch,to singe,to char|JLPT N2
国王|こくおう|king|JLPT N2
国籍|こくせき|nationality|JLPT N2
国立|こくりつ|national|JLPT N2
ごくろうさま||Thank you very much for your....|JLPT N2
焦げる|こげる|to burn,to be burned|JLPT N2
凍える|こごえる|to freeze,to be chilled,to be frozen|JLPT N2
心当たり|こころあたり|having some knowledge of,happening to know|JLPT N2
心得る|こころえる|to be informed,to have thorough knowledge|JLPT N2
腰掛け|こしかけ|seat,bench|JLPT N2
腰掛ける|こしかける|to sit (down)|JLPT N2
五十音|ごじゅうおん|the Japanese syllabary|JLPT N2
胡椒|こしょう|pepper|JLPT N2
こしらえる||to make,to manufacture|JLPT N2
超す|こす|to cross,to pass,to tide over|JLPT N2
擦る|こする|to rub,to chafe,to file,to frost (glass),to strike (match)|JLPT N2
個体|こたい|an individual|JLPT N2
御馳走|ごちそう|feast,treating (someone)|JLPT N2
ごちそうさま||feast|JLPT N2
こちらこそ||it is I who should say so|JLPT N2
小遣い|こづかい|personal expenses,pocket money,spending money,incidental expenses,allowance|JLPT N2
コック||(1) cook (nl:),(2) tap,spigot,faucet,cock|JLPT N2
こっそり||stealthily,secretly|JLPT N2
古典|こてん|old book,classics,classic|JLPT N2
琴|こと|Koto (Japanese harp)|JLPT N2
言付ける|ことづける|to send word,to send a message|JLPT N2
言葉遣い|ことばづかい|speech,expression,wording|JLPT N2
こないだ||the other day,lately,recently|JLPT N2
御無沙汰|ごぶさた|not writing or contacting for a while|JLPT N2
こぼす||to spill|JLPT N2
こぼれる||to overflow,to spill|JLPT N2
塵芥|ごみ|trash,rubbish|JLPT N2
ゴム||gum,rubber,eraser|JLPT N2
御免|ごめん|your pardon,declining (something),dismissal,permission|JLPT N2
ごめんください||May I come in?|JLPT N2
小指|こゆび|little finger|JLPT N2
こらえる||to bear,to stand,to endure,to put up with|JLPT N2
娯楽|ごらく|pleasure,amusement|JLPT N2
御覧|ごらん|(hon) look,inspection,try|JLPT N2
コレクション||(1) collection,(2) correction|JLPT N2
転がす|ころがす|to roll|JLPT N2
転がる|ころがる|to roll,to tumble|JLPT N2
紺|こん|navy blue,deep blue|JLPT N2
コンクール||contest (fr: concours)|JLPT N2
コンクリート||concrete|JLPT N2
混合|こんごう|mixing,mixture|JLPT N2
コンセント||(1) consent,(2) concentric|JLPT N2
献立|こんだて|menu,program,schedule|JLPT N2
こんばんは||good evening|JLPT N2
サークル||circle,sports club (i.e. at a company)|JLPT N2
在学|ざいがく|(enrolled) in school|JLPT N2
再三|さいさん|again and again,repeatedly|JLPT N2
祭日|さいじつ|national holiday,festival day|JLPT N2
催促|さいそく|request,demand,claim,urge (action),press for|JLPT N2
採点|さいてん|marking,grading,looking over|JLPT N2
災難|さいなん|calamity,misfortune|JLPT N2
裁縫|さいほう|sewing|JLPT N2
材木|ざいもく|lumber,timber|JLPT N2
サイレン||siren|JLPT N2
逆さ|さかさ|reverse,inversion,upside down|JLPT N2
逆様|さかさま|inversion,upside down|JLPT N2
捜す|さがす|to search,to seek,to look for|JLPT N2
遡る|さかのぼる|to go back,to go upstream,to make retroactive|JLPT N2
酒場|さかば|bar,bar-room|JLPT N2
さきおととい||two days before yesterday|JLPT N2
先程|さきほど|some time ago|JLPT N2
裂く|さく|to tear,to split|JLPT N2
索引|さくいん|index,indices|JLPT N2
作者|さくしゃ|author,authoress|JLPT N2
削除|さくじょ|elimination,cancellation,deletion,erasure|JLPT N2
作成|さくせい|frame,draw up,make,producing|JLPT N2
作製|さくせい|manufacture|JLPT N2
探る|さぐる|to search,to look for,to sound out|JLPT N2
囁く|ささやく|to whisper,to murmur|JLPT N2
刺さる|ささる|to stick,to be stuck|JLPT N2
匙|さじ|spoon|JLPT N2
座敷|ざしき|tatami room|JLPT N2
差し支え|さしつかえ|hindrance,impediment|JLPT N2
差し引き|さしひき|deduction,subtraction,balance,ebb and flow,rise and fall|JLPT N2
刺身|さしみ|sliced raw fish|JLPT N2
刺す|さす|to pierce,to stab,to prick,to thrust|JLPT N2
挿す|さす|to insert,to put in,to graft,to wear in belt|JLPT N2
注す|さす|to pour (drink),to serve (drinks)|JLPT N2
射す|さす|to shine,to strike|JLPT N2
流石|さすが|clever,adept,good,expectations,as one would expect|JLPT N2
撮影|さつえい|photographing|JLPT N2
雑音|ざつおん|noise (jarring, grating)|JLPT N2
さっさと||quickly|JLPT N2
早速|さっそく|at once,immediately,without delay,promptly|JLPT N2
錆|さび|rust (colour)|JLPT N2
錆びる|さびる|to rust,to become rusty|JLPT N2
座布団|ざぶとん|cushion (Japanese)|JLPT N2
冷ます|さます|to cool,to dampen,to let cool|JLPT N2
妨げる|さまたげる|to disturb,to prevent|JLPT N2
冷める|さめる|to become cool,to wear off,to abate,to subside|JLPT N2
さようなら||good-bye|JLPT N2
再来月|さらいげつ|month after next|JLPT N2
再来週|さらいしゅう|week after next|JLPT N2
再来年|さらいねん|year after next|JLPT N2
サラリーマン||salary man,company employee|JLPT N2
騒がしい|さわがしい|noisy|JLPT N2
さわやか||fresh,refreshing,invigorating|JLPT N2
三角|さんかく|triangle,triangular|JLPT N2
算数|さんすう|arithmetic|JLPT N2
酸性|さんせい|acidity|JLPT N2
産地|さんち|producing area|JLPT N2
サンプル||sample|JLPT N2
山林|さんりん|mountain forest,mountains and forest|JLPT N2
仕上がる|しあがる|to be finished|JLPT N2
しあさって||two days after tomorrow|JLPT N2
シーズン||season (sporting)|JLPT N2
シーツ||sheet|JLPT N2
寺院|じいん|temple|JLPT N2
しいんと|（する）|silent (as the grave),(deathly) quiet|JLPT N2
自衛|じえい|self-defense|JLPT N2
塩辛い|しおからい|salty (taste)|JLPT N2
司会|しかい|chairmanship|JLPT N2
四角|しかく|square|JLPT N2
四角い|しかくい|square|JLPT N2
時間割|じかんわり|timetable,schedule|JLPT N2
四季|しき|four seasons|JLPT N2
敷地|しきち|site|JLPT N2
至急|しきゅう|urgent,pressing|JLPT N2
敷く|しく|to spread out,to lay out|JLPT N2
茂る|しげる|to grow thick,to luxuriate,to be luxurious|JLPT N2
持参|じさん|bringing,taking,carrying|JLPT N2
磁石|じしゃく|magnet|JLPT N2
四捨五入|ししゃごにゅう|rounding up (fractions)|JLPT N2
始終|しじゅう|continuously,from beginning to end|JLPT N2
自習|じしゅう|self-study|JLPT N2
静まる|しずまる|to quieten down,to calm down,to subside|JLPT N2
姿勢|しせい|attitude,posture|JLPT N2
自然科学|しぜんかがく|natural science|JLPT N2
時速|じそく|speed (per hour)|JLPT N2
子孫|しそん|descendants,posterity,offspring|JLPT N2
死体|したい|corpse|JLPT N2
下書き|したがき|rough copy,draft|JLPT N2
下町|したまち|Shitamachi,lower parts of town|JLPT N2
自治|じち|self-government,autonomy|JLPT N2
実感|じっかん|feelings (actual, true)|JLPT N2
湿気|しっけ|moisture,humidity,dampness|JLPT N2
しつこい||insistent,obstinate|JLPT N2
実習|じっしゅう|practice,training|JLPT N2
実績|じっせき|achievements,actual results|JLPT N2
湿度|しつど|level of humidity|JLPT N2
執筆|しっぴつ|writing|JLPT N2
実物|じつぶつ|real thing,original|JLPT N2
しっぽ||tail (animal)|JLPT N2
実用|じつよう|practical use,utility|JLPT N2
実力|じつりょく|merit,efficiency,arms,force|JLPT N2
実例|じつれい|example,illustration|JLPT N2
失恋|しつれん|disappointed love,broken heart,unrequited love,be lovelorn|JLPT N2
指定|してい|designation,specification,assignment,pointing at|JLPT N2
私鉄|してつ|private railway|JLPT N2
児童|じどう|children,juvenile|JLPT N2
縛る|しばる|to tie,to bind|JLPT N2
地盤|じばん|(the) ground|JLPT N2
しびれる||to become numb,to go to sleep (i.e., a limb)|JLPT N2
紙幣|しへい|paper money,notes,bills|JLPT N2
しぼむ||to wither,to fade (away),to shrivel,to wilt|JLPT N2
絞る|しぼる|to press,to wring,to squeeze|JLPT N2
縞|しま|stripe|JLPT N2
地味|じみ|plain,simple|JLPT N2
しみじみ||keenly,deeply,heartily|JLPT N2
氏名|しめい|full name,identity|JLPT N2
締切|しめきり|closing,cut-off,end,deadline,Closed,No Entrance|JLPT N2
締め切る|しめきる|to shut up|JLPT N2
湿る|しめる|to be wet,to become wet,to be damp|JLPT N2
ジャーナリスト||journalist|JLPT N2
社会科学|しゃかいかがく|social science|JLPT N2
しゃがむ||to squat|JLPT N2
蛇口|じゃぐち|faucet,tap|JLPT N2
弱点|じゃくてん|weak point,weakness|JLPT N2
車庫|しゃこ|garage,car shed|JLPT N2
車掌|しゃしょう|(train) conductor|JLPT N2
写生|しゃせい|sketching,drawing from nature|JLPT N2
社説|しゃせつ|editorial,leading article|JLPT N2
しゃっくり||hiccough,hiccup|JLPT N2
シャッター||shutter|JLPT N2
しゃぶる||to suck,to chew|JLPT N2
車輪|しゃりん|(car) wheel|JLPT N2
洒落|しゃれ|joke,pun,witticism|JLPT N2
じゃんけん||(n) rock-scissors-paper game|JLPT N2
集会|しゅうかい|meeting,assembly|JLPT N2
住居|じゅうきょ|dwelling,house,residence,address|JLPT N2
集金|しゅうきん|money collection|JLPT N2
集合|しゅうごう|gathering,assembly,meeting,set (math)|JLPT N2
習字|しゅうじ|penmanship|JLPT N2
修繕|しゅうぜん|repair,mending|JLPT N2
重体|じゅうたい|seriously ill,serious condition,critical state|JLPT N2
じゅうたん|（カーペット）|carpet|JLPT N2
終点|しゅうてん|terminus,last stop (e.g train)|JLPT N2
重点|じゅうてん|important point,lay stress on,colon,emphasis|JLPT N2
就任|しゅうにん|inauguration,assumption of office|JLPT N2
周辺|しゅうへん|circumference,outskirts,environs,(computer) peripheral|JLPT N2
重役|じゅうやく|director,high executive|JLPT N2
終了|しゅうりょう|end,close,termination|JLPT N2
重量|じゅうりょう|(1) weight,(2) heavyweight boxer|JLPT N2
重力|じゅうりょく|gravity|JLPT N2
熟語|じゅくご|idiom,idiomatic phrase,kanji compound|JLPT N2
祝日|しゅくじつ|national holiday|JLPT N2
縮小|しゅくしょう|reduction,curtailment|JLPT N2
受験|じゅけん|taking an examination|JLPT N2
主語|しゅご|(gram) subject|JLPT N2
出勤|しゅっきん|going to work,at work|JLPT N2
述語|じゅつご|predicate|JLPT N2
出張|しゅっちょう|official tour,business trip|JLPT N2
寿命|じゅみょう|life span|JLPT N2
主役|しゅやく|leading part,leading actor (actress)|JLPT N2
受話器|じゅわき|(telephone) receiver|JLPT N2
循環|じゅんかん|circulation,rotation,cycle|JLPT N2
巡査|じゅんさ|police,policeman|JLPT N2
順々|じゅんじゅん|in order,in turn|JLPT N2
順序|じゅんじょ|order,sequence,procedure|JLPT N2
純情|じゅんじょう|pure heart,naivete,self-sacrificing devotion|JLPT N2
純粋|じゅんすい|pure,true,genuine,unmixed|JLPT N2
消化|しょうか|digestion|JLPT N2
小学生|しょうがくせい|grade school student|JLPT N2
将棋|しょうぎ|Japanese chess|JLPT N2
蒸気|じょうき|steam,vapour|JLPT N2
定規|じょうぎ|(measuring) ruler|JLPT N2
上級|じょうきゅう|advanced level,high grade,senior|JLPT N2
商業|しょうぎょう|commerce,trade,business|JLPT N2
消極的|しょうきょくてき|passive|JLPT N2
賞金|しょうきん|prize,monetary award|JLPT N2
上下|じょうげ|high and low,up and down,unloading and loading,praising and blaming|JLPT N2
障子|しょうじ|paper sliding door|JLPT N2
商社|しょうしゃ|trading company,firm|JLPT N2
乗車|じょうしゃ|taking a train,entraining|JLPT N2
上旬|じょうじゅん|first 10 days of month|JLPT N2
生ずる|しょうずる|to cause,to arise,to be generated|JLPT N2
小数|しょうすう|fraction (part of),decimal|JLPT N2
商店|しょうてん|shop,business firm|JLPT N2
焦点|しょうてん|focus,point|JLPT N2
消毒|しょうどく|disinfection,sterilization|JLPT N2
勝敗|しょうはい|victory or defeat,issue (of battle)|JLPT N2
蒸発|じょうはつ|evaporation,unexplained disappearance|JLPT N2
賞品|しょうひん|prize,trophy|JLPT N2
勝負|しょうぶ|victory or defeat,match,contest,game,bout|JLPT N2
小便|しょうべん|(col) urine,piss|JLPT N2
消防署|しょうぼうしょ|fire station|JLPT N2
正味|しょうみ|net (weight)|JLPT N2
正面|しょうめん|the front,honesty|JLPT N2
消耗|しょうもう|exhaustion,consumption|JLPT N2
醤油|しょうゆ|soy sauce|JLPT N2
省略|しょうりゃく|omission,abbreviation,abridgment|JLPT N2
初級|しょきゅう|elementary level|JLPT N2
助教授|じょきょうじゅ|assistant professor|JLPT N2
食塩|しょくえん|table salt|JLPT N2
職人|しょくにん|worker,mechanic,artisan,craftsman|JLPT N2
初旬|しょじゅん|first 10 days of the month|JLPT N2
書籍|しょせき|book,publication|JLPT N2
食器|しょっき|tableware|JLPT N2
ショップ||a shop|JLPT N2
書店|しょてん|bookshop|JLPT N2
書道|しょどう|calligraphy|JLPT N2
白髪|しらが|white or grey hair,trendy hair bleaching|JLPT N2
知合い|しりあい|acquaintance|JLPT N2
シリーズ||series|JLPT N2
私立|しりつ|private (establishment)|JLPT N2
資料|しりょう|materials,data|JLPT N2
汁|しる|juice,sap,soup,broth|JLPT N2
素人|しろうと|amateur,novice|JLPT N2
芯|しん|core,heart,wick,marrow|JLPT N2
新幹線|しんかんせん|bullet train (very high speed),shinkansen|JLPT N2
真空|しんくう|vacuum,hollow,empty|JLPT N2
信ずる|しんずる|to believe,to believe in,to place trust in|JLPT N2
心身|しんしん|mind and body|JLPT N2
申請|しんせい|application,request,petition|JLPT N2
人造|じんぞう|man-made,synthetic,artificial|JLPT N2
寝台|しんだい|bed,couch|JLPT N2
診断|しんだん|diagnosis|JLPT N2
侵入|しんにゅう|penetration,invasion,raid,aggression,trespass|JLPT N2
人文科学|じんぶんかがく|social sciences,humanities|JLPT N2
人命|じんめい|(human) life|JLPT N2
深夜|しんや|late at night|JLPT N2
森林|しんりん|forest,woods|JLPT N2
親類|しんるい|relation,kin|JLPT N2
針路|しんろ|course,direction,compass bearing|JLPT N2
神話|しんわ|myth,legend|JLPT N2
酢|す|vinegar|JLPT N2
水産|すいさん|marine products,fisheries|JLPT N2
炊事|すいじ|cooking,culinary arts|JLPT N2
水蒸気|すいじょうき|water vapour,steam|JLPT N2
水素|すいそ|hydrogen|JLPT N2
垂直|すいちょく|vertical,perpendicular|JLPT N2
推定|すいてい|presumption,assumption,estimation|JLPT N2
水滴|すいてき|drop of water|JLPT N2
水筒|すいとう|canteen,flask,water bottle|JLPT N2
随筆|ずいひつ|essays,miscellaneous writings|JLPT N2
水分|すいぶん|moisture|JLPT N2
水平|すいへい|water level,horizon|JLPT N2
水平線|すいへいせん|horizon|JLPT N2
水曜|すいよう|Wednesday|JLPT N2
ずうずうしい||impudent,shameless|JLPT N2
末っ子|すえっこ|youngest child|JLPT N2
スカーフ||scarf|JLPT N2
図鑑|ずかん|picture book|JLPT N2
杉|すぎ|Japanese cedar|JLPT N2
好き嫌い|すききらい|likes and dislikes,taste|JLPT N2
好き好き|すきずき|matter of taste|JLPT N2
透き通る|すきとおる|to be(come) transparent|JLPT N2
隙間|すきま|crevice,crack,gap,opening|JLPT N2
スクール||school|JLPT N2
すくなくとも||at least|JLPT N2
図形|ずけい|figure|JLPT N2
スケジュール||schedule|JLPT N2
鈴|すず|bell|JLPT N2
涼む|すずむ|to cool oneself,to cool off,to enjoy evening cool|JLPT N2
スタート||start|JLPT N2
スチュワーデス||stewardess|JLPT N2
すっきり||shapely,clear,neat|JLPT N2
すっぱい||sour,acid|JLPT N2
ステージ||(1) stage,(2) performance|JLPT N2
ストッキング||stockings|JLPT N2
ストップ||stop|JLPT N2
素直|すなお|obedient,meek,docile,unaffected|JLPT N2
頭脳|ずのう|head,brains,intellect|JLPT N2
スピーカー||speaker|JLPT N2
図表|ずひょう|chart,diagram,graph|JLPT N2
スマート||smart,stylish,slim|JLPT N2
住まい|すまい|dwelling,house,residence,address|JLPT N2
すまない||sorry (phrase)|JLPT N2
墨|すみ|ink|JLPT N2
澄む|すむ|to clear (e.g. weather),to become transparent|JLPT N2
相撲|すもう|sumo wrestling|JLPT N2
スライド||slide|JLPT N2
ずらす||to put off,to delay|JLPT N2
掏摸|すり|pickpocket|JLPT N2
刷る|する|to print|JLPT N2
狡い|ずるい|sly,cunning|JLPT N2
すれちがう||to pass by one another,to disagree|JLPT N2
寸法|すんぽう|measurement,size,dimension|JLPT N2
姓|せい|surname,family name|JLPT N2
税関|ぜいかん|customs house|JLPT N2
製作|せいさく|manufacture,production|JLPT N2
制作|せいさく|work (film, book)|JLPT N2
性質|せいしつ|nature,property,disposition|JLPT N2
清書|せいしょ|clean copy|JLPT N2
青少年|せいしょうねん|youth,young person|JLPT N2
整数|せいすう|integer|JLPT N2
清掃|せいそう|cleaning|JLPT N2
生存|せいぞん|existence,being,survival|JLPT N2
生長|せいちょう|growth,increment|JLPT N2
政党|せいとう|(member of) political party|JLPT N2
生年月日|せいねんがっぴ|birth date|JLPT N2
性能|せいのう|ability,efficiency|JLPT N2
整備|せいび|adjustment,completion,consolidation|JLPT N2
成分|せいぶん|ingredient,component,composition|JLPT N2
性別|せいべつ|distinction by sex,sex,gender|JLPT N2
正方形|せいほうけい|square|JLPT N2
正門|せいもん|main gate,main entrance|JLPT N2
成立|せいりつ|coming into existence,arrangements,establishment,completion|JLPT N2
西暦|せいれき|Christian Era,anno domini (A.D.)|JLPT N2
背負う|せおう|to be burdened with,to carry on back or shoulder|JLPT N2
赤道|せきどう|equator|JLPT N2
折角|せっかく|with trouble,at great pains,long-awaited|JLPT N2
接近|せっきん|getting closer,drawing nearer,approaching|JLPT N2
石鹸|せっけん|soap|JLPT N2
接する|せっする|to come in contact with,to connect,to attend,to receive|JLPT N2
接続|せつぞく|(1) connection,union,join,link,(2) changing trains|JLPT N2
瀬戸物|せともの|earthenware,crockery,china|JLPT N2
ぜひとも||by all means (with sense of not taking no for an answer)|JLPT N2
迫る|せまる|to draw near,to press|JLPT N2
ゼミ||(n) seminar|JLPT N2
せめて||offense,method of attack|JLPT N2
攻める|せめる|to attack,to assault|JLPT N2
セメント||cement|JLPT N2
栓|せん|stopper,cork,stopcock|JLPT N2
前後|ぜんご|around,throughout,front and back,before and behind,before and after|JLPT N2
洗剤|せんざい|detergent,washing material|JLPT N2
全集|ぜんしゅう|complete works|JLPT N2
全身|ぜんしん|the whole body,full-length (portrait)|JLPT N2
扇子|せんす|folding fan|JLPT N2
専制|せんせい|despotism,autocracy|JLPT N2
先々月|せんせんげつ|month before last|JLPT N2
先祖|せんぞ|ancestor|JLPT N2
先端|せんたん|pointed end,tip,fine point|JLPT N2
センチ||centimeter,centi-,10^-2|JLPT N2
宣伝|せんでん|propaganda,publicity|JLPT N2
先頭|せんとう|head,lead,vanguard,first|JLPT N2
全般|ぜんぱん|(the) whole,universal,wholly,general|JLPT N2
扇風機|せんぷうき|electric fan|JLPT N2
線路|せんろ|line,track,roadbed|JLPT N2
相違|そうい|difference,discrepancy,variation|JLPT N2
そういえば||which reminds me ..|JLPT N2
雑巾|ぞうきん|house-cloth,dust cloth|JLPT N2
増減|ぞうげん|increase and decrease,fluctuation|JLPT N2
倉庫|そうこ|storehouse,warehouse,godown|JLPT N2
相互|そうご|mutual,reciprocal|JLPT N2
創作|そうさく|production,literary creation,work|JLPT N2
葬式|そうしき|funeral|JLPT N2
そうして||and,like that|JLPT N2
造船|ぞうせん|shipbuilding|JLPT N2
騒々しい|そうぞうしい|noisy,boisterous|JLPT N2
増大|ぞうだい|enlargement|JLPT N2
送別|そうべつ|farewell,send-off|JLPT N2
草履|ぞうり|zoori (Japanese footwear),sandals|JLPT N2
総理大臣|そうりだいじん|Prime Minister|JLPT N2
送料|そうりょう|postage,carriage|JLPT N2
属する|ぞくする|to belong to,to come under,to be affiliated with,to be subject to|JLPT N2
続々|ぞくぞく|successively,one after another|JLPT N2
速達|そくたつ|express,special delivery|JLPT N2
測定|そくてい|measurement|JLPT N2
測量|そくりょう|measurement,surveying|JLPT N2
速力|そくりょく|speed|JLPT N2
素質|そしつ|character,qualities,genius|JLPT N2
祖先|そせん|ancestor|JLPT N2
そそっかしい||careless,thoughtless|JLPT N2
卒直|そっちょく|frankness,candour,openheartedness|JLPT N2
具える|そなえる|to be furnished with|JLPT N2
そのうえ||in addition,furthermore|JLPT N2
そのため||hence,for that reason|JLPT N2
そのほか||otherwise|JLPT N2
蕎麦|そば|soba (buckwheat noodles)|JLPT N2
剃る|そる|to shave|JLPT N2
逸れる|それる|to stray (turn) from subject,to get lost,to go astray|JLPT N2
揃う|そろう|to become complete,to be equal,to be all present,to gather|JLPT N2
揃える|そろえる|to put things in order,to arrange,to make uniform,to get something ready|JLPT N2
算盤|そろばん|abacus|JLPT N2
存じる|ぞんじる|(hum) to know|JLPT N2
損得|そんとく|loss and gain,advantage and disadvantage|JLPT N2
田ぼ|たんぼ|paddy field,farm|JLPT N2
だいいち|（副）|first,foremost,# 1|JLPT N2
大学院|だいがくいん|graduate school|JLPT N2
大工|だいく|carpenter|JLPT N2
体系|たいけい|system,organization|JLPT N2
太鼓|たいこ|drum,tambourine|JLPT N2
対策|たいさく|counter-plan,counter-measure|JLPT N2
大して|たいして|(not so) much,(not) very|JLPT N2
対照|たいしょう|contrast,antithesis,comparison|JLPT N2
大小|だいしょう|size|JLPT N2
体制|たいせい|order,system,structure,set-up,organization|JLPT N2
体積|たいせき|capacity,volume|JLPT N2
大層|たいそう|very much,exaggerated,very fine|JLPT N2
体操|たいそう|gymnastics,physical exercises,calisthenics|JLPT N2
大木|たいぼく|large tree|JLPT N2
題名|だいめい|title|JLPT N2
代名詞|だいめいし|pronoun|JLPT N2
タイア||tire,tyre|JLPT N2
ダイヤグラム||diagram|JLPT N2
ダイヤモンド||diamond|JLPT N2
ダイヤル||dial|JLPT N2
Ͼ立|たいりつ|confrontation,opposition,antagonism|JLPT N2
田植え|たうえ|rice planting|JLPT N2
絶えず|たえず|constantly|JLPT N2
楕円|だえん|ellipse|JLPT N2
高める|たかめる|to raise,to lift,to boost|JLPT N2
耕す|たがやす|to till,to plow,to cultivate|JLPT N2
滝|たき|waterfall|JLPT N2
炊く|たく|to boil,to cook|JLPT N2
焚く|たく|to burn,to kindle,to build a fire|JLPT N2
蓄える|たくわえる|to store,to lay in stock|JLPT N2
竹|たけ|bamboo,middle (of a three-tier ranking system)|JLPT N2
助かる|たすかる|to be saved,to be rescued,to survive,to be helpful|JLPT N2
只|ただ|free of charge,mere,sole,only,usual,common|JLPT N2
但し|ただし|but,however,provided that|JLPT N2
畳む|たたむ|to fold (clothes)|JLPT N2
立ち止まる|たちどまる|to stop,to halt,to stand still|JLPT N2
たちまち||at once,in a moment,suddenly,all at once|JLPT N2
建つ|たつ|to erect,to be erected,to be built|JLPT N2
発つ|たつ|to depart (on a plane, train, etc.)|JLPT N2
脱線|だっせん|derailment,digression|JLPT N2
妥当|だとう|valid,proper,right,appropriate|JLPT N2
例える|たとえる|to compare,to liken,to speak figuratively,to illustrate,to use a simile|JLPT N2
頼もしい|たのもしい|reliable,trustworthy,hopeful,promising|JLPT N2
足袋|たび|tabi,Japanese socks (with split toe)|JLPT N2
ダブル||double|JLPT N2
だます||to trick,to cheat,to deceive|JLPT N2
溜まる|たまる|to collect,to gather,to save|JLPT N2
ダム||dumb|JLPT N2
溜息|ためいき|a sigh|JLPT N2
ためらう||to hesitate|JLPT N2
溜める|ためる|to amass,to accumulate|JLPT N2
だらしない||slovenly,loose,a slut|JLPT N2
足る|たる|to be sufficient,to be enough|JLPT N2
段階|だんかい|gradation,grade,stage|JLPT N2
短期|たんき|short term|JLPT N2
炭鉱|たんこう|coal mine,coal pit|JLPT N2
短所|たんしょ|(1) defect,demerit,weak point,(2) disadvantage|JLPT N2
たんす||chest of drawers|JLPT N2
淡水|たんすい|fresh water|JLPT N2
断水|だんすい|water outage|JLPT N2
単数|たんすう|singular (number)|JLPT N2
団地|だんち|multi-unit apartments|JLPT N2
断定|だんてい|conclusion,decision|JLPT N2
短編|たんぺん|short (e.g. story, film)|JLPT N2
誓う|ちかう|to swear,to vow,to take an oath,to pledge|JLPT N2
地下水|ちかすい|underground water|JLPT N2
近々|ちかぢか|nearness,before long|JLPT N2
近付ける|ちかづける|to bring near,to put close,to let come near,to associate with|JLPT N2
近寄る|ちかよる|to approach,to draw near|JLPT N2
力強い|ちからづよい|reassuring,emboldened|JLPT N2
ちぎる||to cut up fine,to pick (fruit)|JLPT N2
地質|ちしつ|geological features|JLPT N2
知人|ちじん|friend,acquaintance|JLPT N2
地帯|ちたい|area,zone|JLPT N2
縮む|ちぢむ|to shrink,to be contracted|JLPT N2
縮める|ちぢめる|to shorten,to reduce,to boil down,to shrink|JLPT N2
縮れる|ちぢれる|to be wavy,to be curled|JLPT N2
チップ||(1) gratuity,tip,(2) chip|JLPT N2
地点|ちてん|site,point on a map|JLPT N2
地名|ちめい|place name|JLPT N2
着々|ちゃくちゃく|steadily|JLPT N2
茶碗|ちゃわん|rice bowl,tea cup,teacup|JLPT N2
中間|ちゅうかん|middle,midway,interim|JLPT N2
中旬|ちゅうじゅん|second third of a month|JLPT N2
抽象|ちゅうしょう|abstract|JLPT N2
中世|ちゅうせい|Middle Ages,mediaeval times|JLPT N2
中性|ちゅうせい|neuter gender,neutral (chem.),indifference,sterility|JLPT N2
中途|ちゅうと|in the middle,half-way|JLPT N2
中年|ちゅうねん|middle-aged|JLPT N2
超過|ちょうか|excess,being more than|JLPT N2
彫刻|ちょうこく|carving,engraving,sculpture|JLPT N2
長所|ちょうしょ|(1) strong point,merit,(2) advantage|JLPT N2
長女|ちょうじょ|eldest daughter|JLPT N2
調整|ちょうせい|regulation,adjustment,tuning|JLPT N2
調節|ちょうせつ|regulation,adjustment,control|JLPT N2
長短|ちょうたん|length,long and short,+-|JLPT N2
頂点|ちょうてん|top,summit|JLPT N2
長男|ちょうなん|eldest son|JLPT N2
長方形|ちょうほうけい|rectangle,oblong|JLPT N2
調味料|ちょうみりょう|condiment,seasoning|JLPT N2
チョーク||chock,chalk|JLPT N2
直後|ちょくご|immediately following|JLPT N2
直線|ちょくせん|straight line|JLPT N2
直前|ちょくぜん|just before|JLPT N2
直通|ちょくつう|direct communication|JLPT N2
直流|ちょくりゅう|direct current|JLPT N2
貯蔵|ちょぞう|storage,preservation|JLPT N2
直角|ちょっかく|right angle|JLPT N2
直径|ちょっけい|diameter|JLPT N2
散らかす|ちらかす|to scatter around,to leave untidy|JLPT N2
散らかる|ちらかる|to be in disorder,to lie scattered around|JLPT N2
散らす|ちらす|to scatter,to disperse,to distribute|JLPT N2
塵紙|ちりがみ|tissue paper,toilet paper|JLPT N2
散る|ちる|to fall,to scatter (e.g. blossoms)|JLPT N2
追加|ついか|addition,supplement,appendix|JLPT N2
ついで||opportunity,occasion|JLPT N2
通貨|つうか|currency|JLPT N2
通勤|つうきん|commuting to work|JLPT N2
通知|つうち|notice,notification|JLPT N2
通帳|つうちょう|passbook|JLPT N2
通訳|つうやく|interpretation|JLPT N2
通用|つうよう|popular use,circulation|JLPT N2
通路|つうろ|passage,pathway|JLPT N2
付合う|つきあう|to associate with,to keep company with,to get on with|JLPT N2
突き当たり|つきあたり|end (e.g. of street)|JLPT N2
突き当たる|つきあたる|to run into,to collide with|JLPT N2
月日|つきひ|time,years,days|JLPT N2
点く|つく|to catch fire,(electricity) comes on|JLPT N2
突く|つく|(1) to thrust,to strike,(2) to poke|JLPT N2
次ぐ|つぐ|to rank next to,to come after|JLPT N2
作る/造る|つくる|to make,to create|JLPT N2
着ける|つける|(1) to attach,to join,to add,to append|JLPT N2
点ける|つける|to turn on,to switch on,to light up|JLPT N2
浸ける|つける|to dip in,to soak|JLPT N2
伝わる|つたわる|to be handed down,to be introduced,to be transmitted|JLPT N2
突っ込む|つっこむ|to plunge into,to go into deeply|JLPT N2
務める|つとめる|(1) to serve,to fill a post,to serve under,to work (for)|JLPT N2
努める|つとめる|(1) to serve,to fill a post,to serve under,to work (for)|JLPT N2
綱|つな|rope|JLPT N2
繋がり|つながり|connection,link,relationship|JLPT N2
繋がる|つながる|to be tied together,to be connected to,to be related to|JLPT N2
繋げる|つなげる|to connect|JLPT N2
粒|つぶ|grain|JLPT N2
潰す|つぶす|to smash,to waste|JLPT N2
潰れる|つぶれる|to be smashed,to go bankrupt|JLPT N2
つまずく||to stumble,to trip|JLPT N2
詰まる|つまる|to be blocked,to be packed|JLPT N2
積む|つむ|to pile up,to stack|JLPT N2
爪|つめ|fingernail or toenail,claw,talon,hoof|JLPT N2
艶|つや|gloss,glaze|JLPT N2
強気|つよき|firm,strong|JLPT N2
釣り合う|つりあう|to balance,to be in harmony,to suit|JLPT N2
吊る|つる|to hang|JLPT N2
吊す|つるす|to hang|JLPT N2
出合い|であい|an encounter|JLPT N2
手洗い|てあらい|restroom,lavatory,hand-washing|JLPT N2
定員|ていいん|fixed number of regular personnel,capacity (of boat, etc.)|JLPT N2
定価|ていか|established price|JLPT N2
低下|ていか|fall,decline,lowering,deterioration|JLPT N2
定期券|ていきけん|commuter pass,season ticket|JLPT N2
定休日|ていきゅうび|regular holiday|JLPT N2
停止|ていし|suspension,interruption,stoppage,ban|JLPT N2
停車|ていしゃ|stopping (e.g. train)|JLPT N2
停電|ていでん|failure of electricity|JLPT N2
出入り|でいり|in and out,coming and going,free association,income and expenditure,debits and credit|JLPT N2
出入口|でいりぐち|exit and entrance|JLPT N2
手入れ|ていれ|repairs,maintenance|JLPT N2
テーマ||(n) theme,project,topic (de: Thema)|JLPT N2
出掛ける|でかける|to depart,to set out,to start,to be going out|JLPT N2
出来上がり|できあがり|be finished,ready,made for,cut out|JLPT N2
出来上がる|できあがる|(1) to be finished,to be ready,by definition,(2) to be very drunk|JLPT N2
的確|てきかく|precise,accurate|JLPT N2
適確|てきかく|precise,accurate|JLPT N2
手首|てくび|wrist|JLPT N2
凸凹|でこぼこ|unevenness,roughness,ruggedness|JLPT N2
手頃|てごろ|moderate,handy|JLPT N2
でたらめ||(1) irresponsible utterance,nonsense,nonsensical,(2) random|JLPT N2
手帳|てちょう|notebook|JLPT N2
鉄橋|てっきょう|railway bridge,iron bridge|JLPT N2
手続き|てつづき|procedure,(legal) process,formalities|JLPT N2
鉄砲|てっぽう|gun|JLPT N2
テニスコート||tennis court|JLPT N2
手拭い|てぬぐい|(hand) towel|JLPT N2
手前|てまえ|before,this side,we,you|JLPT N2
出迎え|でむかえ|meeting,reception|JLPT N2
出迎える|でむかえる|to meet,to greet|JLPT N2
照らす|てらす|to shine on,to illuminate|JLPT N2
照る|てる|to shine|JLPT N2
展開|てんかい|develop,expansion (opposite of compression)|JLPT N2
伝記|でんき|biography,life story|JLPT N2
電球|でんきゅう|light bulb|JLPT N2
点数|てんすう|marks,points,score,runs|JLPT N2
伝染|でんせん|contagion|JLPT N2
電池|でんち|battery|JLPT N2
点々|てんてん|here and there,little by little|JLPT N2
電柱|でんちゅう|telephone pole,telegraph pole,lightpole|JLPT N2
天皇|てんのう|Emperor of Japan|JLPT N2
電波|でんぱ|electro-magnetic wave|JLPT N2
テンポ||tempo|JLPT N2
電流|でんりゅう|electric current|JLPT N2
電力|でんりょく|electric power|JLPT N2
問い合わせ|といあわせ|enquiry,ENQ|JLPT N2
銅|どう|copper|JLPT N2
統一|とういつ|unity,consolidation,uniformity|JLPT N2
同格|どうかく|the same rank,equality,apposition|JLPT N2
峠|とうげ|ridge,(mountain) pass,difficult part|JLPT N2
統計|とうけい|scattering,a scatter,dispersion|JLPT N2
動作|どうさ|action,movements,motions,bearing,behaviour,manners|JLPT N2
東西|とうざい|East and West,whole country|JLPT N2
当日|とうじつ|appointed day,very day|JLPT N2
投書|とうしょ|letter to the editor,letter from a reader,contribution|JLPT N2
登場|とうじょう|entry (on stage)|JLPT N2
どうせ||anyhow,in any case,at any rate|JLPT N2
どうぞよろしく||pleased to meet you|JLPT N2
灯台|とうだい|lighthouse|JLPT N2
盗難|とうなん|theft,robbery|JLPT N2
当番|とうばん|being on duty|JLPT N2
等分|とうぶん|division into equal parts|JLPT N2
透明|とうめい|transparency,cleanness|JLPT N2
灯油|とうゆ|lamp oil,kerosene|JLPT N2
東洋|とうよう|Orient|JLPT N2
童話|どうわ|fairy tale|JLPT N2
通り掛かる|とおりかかる|to happen to pass by|JLPT N2
溶かす|とかす|to melt,to dissolve|JLPT N2
尖る|とがる|to taper to a point,to become sharp,to be sour,to look displeased|JLPT N2
どきどき||throb,beat (fast)|JLPT N2
溶く|とく|to dissolve (paint)|JLPT N2
退く|どく|(1) to retreat,to recede,to withdraw|JLPT N2
特殊|とくしゅ|special,unique|JLPT N2
特色|とくしょく|characteristic,feature|JLPT N2
特長|とくちょう|forte,merit|JLPT N2
特定|とくてい|specific,special,particular|JLPT N2
特売|とくばい|special sale|JLPT N2
溶け込む|とけこむ|to melt into|JLPT N2
溶ける|とける|to melt,to thaw,to fuse,to dissolve|JLPT N2
退ける|どける|to remove,to take away,to dislodge,to put something out of the way|JLPT N2
床の間|とこのま|alcove|JLPT N2
床屋|とこや|barber|JLPT N2
所々|ところどころ|here and there,some parts (of something)|JLPT N2
都心|としん|heart (of city)|JLPT N2
戸棚|とだな|cupboard,locker,closet,wardrobe|JLPT N2
とっくに||long ago,already,a long time ago|JLPT N2
どっと||suddenly|JLPT N2
整う|ととのう|to be prepared,to be in order,to be put in order,to be arranged|JLPT N2
留まる|とどまる|(1) to be fixed,(2) to abide,to stay (in the one place)|JLPT N2
どなる||to shout,to yell|JLPT N2
飛び込む|とびこむ|to jump in,to leap in,to plunge into,to dive|JLPT N2
跳ぶ|とぶ|to jump,to fly,to leap|JLPT N2
泊める|とめる|to give shelter to,to lodge|JLPT N2
ともかく||anyhow,anyway,somehow or other,generally speaking,in any case|JLPT N2
捕える|とらえる|to seize,to grasp,to capture,to arrest|JLPT N2
取り入れる|とりいれる|to harvest,to take in,to adopt|JLPT N2
取り消す|とりけす|to cancel|JLPT N2
取り出す|とりだす|to take out,to produce,to pick out|JLPT N2
採る|とる|(1) to adopt (measure, proposal),(2) to pick (fruit)|JLPT N2
捕る|とる|to take,to catch (fish),to capture|JLPT N2
トレーニング||training|JLPT N2
丼|どんぶり|porcelain bowl,bowl of rice with food on top|JLPT N2
内科|ないか|internist clinic,internal medicine|JLPT N2
内線|ないせん|phone extension,indoor wiring,inner line|JLPT N2
ナイロン||nylon|JLPT N2
治す|なおす|to cure,to heal,to fix,to correct,to repair|JLPT N2
永い|ながい|long,lengthy|JLPT N2
仲直り|なかなおり|reconciliation,make peace with|JLPT N2
長引く|ながびく|to be prolonged,to drag on|JLPT N2
中身|なかみ|contents,interior,substance,filling,(sword) blade|JLPT N2
中味|なかみ|contents,interior,substance,filling,(sword) blade|JLPT N2
中指|なかゆび|middle finger|JLPT N2
仲良し|なかよし|intimate friend,bosom buddy,chum|JLPT N2
慰める|なぐさめる|to comfort,to console|JLPT N2
亡くす|なくす|to lose someone, wife, child, etc|JLPT N2
なぐる||to strike,to hit|JLPT N2
為す|なす|to accomplish,to do|JLPT N2
謎謎|なぞなぞ|riddle,puzzle,enigma|JLPT N2
懐かしい|なつかしい|dear,desired,missed|JLPT N2
撫でる|なでる|to brush gently,to stroke|JLPT N2
斜め|ななめ|obliqueness|JLPT N2
なにしろ||at any rate,anyhow,anyway,in any case|JLPT N2
何々|なになに|such and such,What?|JLPT N2
何分|なにぶん|what minute?,how many minutes?|JLPT N2
生意気|なまいき|impertinent,saucy,cheeky,conceit,audacious,brazen|JLPT N2
並木|なみき|roadside tree,row of trees|JLPT N2
倣う|ならう|to imitate,to follow,to emulate|JLPT N2
鳴らす|ならす|to ring,to sound,to chime,to beat,to snort (nose)|JLPT N2
生る|なる|to bear fruit|JLPT N2
馴れる|なれる|to become domesticated,to become tame|JLPT N2
南極|なんきょく|south pole,Antarctic|JLPT N2
なんとなく||somehow or other,for some reason or another|JLPT N2
なんとも||nothing (with neg. verb),quite,not a bit|JLPT N2
ナンバー||number|JLPT N2
南米|なんべい|South America|JLPT N2
南北|なんぼく|south and north|JLPT N2
煮える|にえる|to boil,to cook,to be cooked|JLPT N2
匂う|におう|to be fragrant,to smell,to stink|JLPT N2
逃がす|にがす|to let loose,to set free,to let escape|JLPT N2
憎い|にくい|hateful,abominable,poor-looking,detestable|JLPT N2
憎む|にくむ|to hate,to detest|JLPT N2
憎らしい|にくらしい|odious,hateful|JLPT N2
濁る|にごる|to become muddy,to get impure|JLPT N2
虹|にじ|rainbow|JLPT N2
日時|にちじ|date and time|JLPT N2
日用品|にちようひん|daily necessities|JLPT N2
日課|にっか|daily lesson,daily work,daily routine|JLPT N2
日程|にってい|agenda|JLPT N2
鈍い|にぶい|dull (e.g. a knife),thickheaded,slow (opposite of fast),stupid|JLPT N2
入社|にゅうしゃ|entry to a company|JLPT N2
女房|にょうぼう|wife|JLPT N2
睨む|にらむ|to glare at,to scowl at,to keep an eye on|JLPT N2
煮る|にる|to boil,to cook|JLPT N2
俄|にわか|sudden,abrupt,unexpected,improvised,offhand|JLPT N2
縫う|ぬう|to sew|JLPT N2
濡らす|ぬらす|to wet,to soak,to dip|JLPT N2
ねじ||(a) screw|JLPT N2
捩る|ねじる|to twist|JLPT N2
ネックレス||necklace|JLPT N2
熱する|ねっする|to heat|JLPT N2
寝間着|ねまき|sleep-wear,nightclothes,pyjamas,nightgown,nightdress|JLPT N2
寝巻|ねまき|sleep-wear,nightclothes,pyjamas,nightgown,nightdress|JLPT N2
狙い|ねらい|aim|JLPT N2
狙う|ねらう|to aim at|JLPT N2
年度|ねんど|year,fiscal year,school year,term|JLPT N2
農産物|のうさんぶつ|agricultural produce|JLPT N2
農村|のうそん|agricultural community,farm village,rural|JLPT N2
濃度|のうど|concentration,brightness|JLPT N2
農薬|のうやく|agricultural chemicals|JLPT N2
能率|のうりつ|efficiency|JLPT N2
のこぎり||saw|JLPT N2
残らず|のこらず|all,entirely,completely,without exception|JLPT N2
載せる|のせる|to place on (something),to take on board,to give a ride|JLPT N2
覗く|のぞく|to peep in,to look in,to peek in,to stick out|JLPT N2
延ばす|のばす|to lengthen,to stretch,to reach out,to grow (beard)|JLPT N2
延びる|のびる|to be prolonged|JLPT N2
上り|のぼり|up-train (going to Tokyo),ascent|JLPT N2
糊|のり|paste,starch|JLPT N2
乗換|のりかえ|(n) transfer (trains, buses, etc.)|JLPT N2
載る|のる|to appear (in print),to be recorded|JLPT N2
のろのろ||slowly,sluggishly|JLPT N2
呑気|のんき|carefree,optimistic,careless,reckless,heedless|JLPT N2
灰色|はいいろ|grey,gray,ashen|JLPT N2
俳句|はいく|haiku poetry|JLPT N2
売店|ばいてん|shop,stand|JLPT N2
売買|ばいばい|trade,buying and selling|JLPT N2
這う|はう|to creep,to crawl|JLPT N2
生える|はえる|(1) to grow,to spring up,(2) to cut (teeth)|JLPT N2
剥す|はがす|(v5s) to tear off,to peel off,to rip off|JLPT N2
ばからしい||absurd|JLPT N2
秤|はかり|scales,weighing machine|JLPT N2
量る|はかる|to measure,to weigh,to survey|JLPT N2
測る|はかる|to measure,to weigh,to survey|JLPT N2
吐き気|はきけ|nausea,sickness in the stomach|JLPT N2
はきはき||lucidly|JLPT N2
掃く|はく|to sweep,to brush,to gather up|JLPT N2
歯車|はぐるま|gear,cog-wheel|JLPT N2
バケツ||bucket,pail|JLPT N2
挟まる|はさまる|to get between,to be caught in|JLPT N2
挟む|はさむ|to interpose,to hold between,to insert|JLPT N2
箸|はし|chopsticks|JLPT N2
梯子|はしご|ladder,stairs|JLPT N2
始めに|はじめに|to begin with,first of all|JLPT N2
はじめまして||How do you do?,I am glad to meet you|JLPT N2
外れる|はずれる|to be disconnected,to get out of place,to be off,to be out (e.g. of gear)|JLPT N2
パターン||pattern|JLPT N2
肌着|はだぎ|underwear|JLPT N2
果して|はたして|as was expected,really|JLPT N2
鉢|はち|a bowl,a pot|JLPT N2
発揮|はっき|exhibition,demonstration,utilization,display|JLPT N2
バック||back|JLPT N2
発射|はっしゃ|firing,shooting,discharge,catapult|JLPT N2
発想|はっそう|expression (music),conceptualization|JLPT N2
発電|はつでん|generation (e.g. power)|JLPT N2
発売|はつばい|sale|JLPT N2
派手|はで|showy,loud,gay,flashy,gaudy|JLPT N2
話合い|はなしあい|discussion,conference|JLPT N2
話し掛ける|はなしかける|to accost a person,to talk (to someone)|JLPT N2
話中|はなしちゅう|while talking,the line is busy|JLPT N2
甚だしい|はなはだしい|extreme,excessive,terrible|JLPT N2
花火|はなび|fireworks|JLPT N2
花嫁|はなよめ|bride|JLPT N2
放れる|はなれる|to leave,to get free,to cut oneself off|JLPT N2
羽根|はね|shuttlecock|JLPT N2
ばね||spring (e.g. coil, leaf)|JLPT N2
跳ねる|はねる|to jump,to leap|JLPT N2
破片|はへん|fragment,splinter,broken piece|JLPT N2
歯磨き|はみがき|dentifrice,toothpaste|JLPT N2
はめる||(col) to get in,to insert,to put on,to make love|JLPT N2
早口|はやくち|fast-talking|JLPT N2
流行る|はやる|to flourish,to thrive,to be popular,to come into fashion|JLPT N2
払い込む|はらいこむ|to deposit,to pay in|JLPT N2
払い戻す|はらいもどす|to repay,to pay back|JLPT N2
バランス||balance|JLPT N2
針金|はりがね|wire|JLPT N2
張り切る|はりきる|to be in high spirits,to be full of vigor|JLPT N2
反映|はんえい|reflection,influence|JLPT N2
半径|はんけい|radius|JLPT N2
判子|はんこ|seal (used for signature)|JLPT N2
万歳|ばんざい|hurrah, cheers|JLPT N2
判事|はんじ|judge,judiciary|JLPT N2
反省|はんせい|reflection,reconsideration,introspection,meditation,contemplation|JLPT N2
番地|ばんち|house number,address|JLPT N2
パンツ||underpants|JLPT N2
バンド||band|JLPT N2
半島|はんとう|peninsula|JLPT N2
ハンドル||handle,steering wheel|JLPT N2
日当たり|ひあたり|exposure to the sun,sunny place|JLPT N2
日帰り|ひがえり|day trip|JLPT N2
比較的|ひかくてき|comparatively,relatively|JLPT N2
日陰|ひかげ|shadow|JLPT N2
ぴかぴか||glitter,sparkle|JLPT N2
引受る|ひきうける|to undertake,to take up,to take over|JLPT N2
引返す|ひきかえす|to repeat,to send back,to bring back|JLPT N2
引算|ひきざん|subtraction|JLPT N2
引出す|ひきだす|to pull out,to take out,to draw out,to withdraw|JLPT N2
引き止める|ひきとめる|to detain,to check,to restrain|JLPT N2
卑怯|ひきょう|cowardice,meanness,unfairness|JLPT N2
引分け|ひきわけ|a draw (in competition),tie game|JLPT N2
髭|ひげ|moustache,beard,whiskers|JLPT N2
陽射|ひざし|sunlight,rays of the sun|JLPT N2
肘|ひじ|elbow|JLPT N2
ピストル||pistol|JLPT N2
ビタミン||vitamin|JLPT N2
引っ掛かる|ひっかかる|to be caught in,to be stuck in,to be cheated|JLPT N2
筆記|ひっき|(taking) notes,copying|JLPT N2
引っ繰り返す|ひっくりかえす|to turn over,to overturn,to knock over,to upset,to turn inside out|JLPT N2
引っ繰り返る|ひっくりかえる|to be overturned,to be upset,to topple over,to be reversed|JLPT N2
引越し|ひっこし|moving (dwelling etc.),changing residence|JLPT N2
引っ込む|ひっこむ|to draw back,to sink,to cave in|JLPT N2
筆者|ひっしゃ|writer,author|JLPT N2
必需品|ひつじゅひん|necessities,necessary article,requisite,essential|JLPT N2
人差指|ひとさしゆび|index finger|JLPT N2
一通り|ひととおり|ordinary,usual,in general,briefly|JLPT N2
人通り|ひとどおり|pedestrian traffic|JLPT N2
ひとまず||for the present,once,in outline|JLPT N2
瞳|ひとみ|pupil (of eye)|JLPT N2
一休み|ひとやすみ|a rest|JLPT N2
独り言|ひとりごと|a soliloquy,a monologue,speaking to oneself|JLPT N2
ひとりでに||by itself,automatically,naturally|JLPT N2
ビニール||vinyl|JLPT N2
皮肉|ひにく|cynicism,sarcasm|JLPT N2
日日|ひにち|every day,daily,day after day|JLPT N2
捻る|ひねる|to turn (a switch) on or off,to twist,to puzzle over|JLPT N2
日の入り|ひのいり|sunset|JLPT N2
日の出|ひので|sunrise|JLPT N2
響き|ひびき|echo,sound,reverberation,noise|JLPT N2
響く|ひびく|to resound|JLPT N2
皮膚|ひふ|skin|JLPT N2
冷やす|ひやす|to cool,to refrigerate|JLPT N2
ひゃっかじてん||encyclopedia|JLPT N2
美容|びよう|beauty of figure or form|JLPT N2
表紙|ひょうし|front cover,binding|JLPT N2
標識|ひょうしき|sign,mark|JLPT N2
標準|ひょうじゅん|standard,level|JLPT N2
標本|ひょうほん|example,specimen|JLPT N2
評論|ひょうろん|criticism,critique|JLPT N2
平仮名|ひらがな|hiragana,47 syllables,the cursive syllabary|JLPT N2
ビルディング||building|JLPT N2
昼寝|ひるね|nap (at home),siesta|JLPT N2
広げる|ひろげる|to spread,to extend,to expand,to enlarge|JLPT N2
広さ|ひろさ|extent|JLPT N2
広場|ひろば|plaza|JLPT N2
広々|ひろびろ|extensive,spacious|JLPT N2
広める|ひろめる|to broaden,to propagate|JLPT N2
ピンク||pink|JLPT N2
便箋|びんせん|writing paper,stationery|JLPT N2
瓶詰|びんづめ|bottling,bottled|JLPT N2
ファスナー||fastener,zipper|JLPT N2
風船|ふうせん|balloon|JLPT N2
不運|ふうん|unlucky,misfortune,bad luck,fate|JLPT N2
殖える|ふえる|to increase,to multiply|JLPT N2
深まる|ふかまる|to deepen,to heighten,to intensify|JLPT N2
不規則|ふきそく|irregularity,unsteadiness,disorderly|JLPT N2
普及|ふきゅう|diffusion,spread|JLPT N2
付近|ふきん|neighbourhood,vicinity,environs|JLPT N2
拭く|ふく|to wipe,to dry|JLPT N2
副詞|ふくし|adverb|JLPT N2
複写|ふくしゃ|copy,duplicate|JLPT N2
複数|ふくすう|plural,multiple|JLPT N2
含める|ふくめる|to include,to instruct,to make one understand|JLPT N2
膨らます|ふくらます|to swell,to expand,to inflate,to bulge|JLPT N2
膨らむ|ふくらむ|to expand,to swell (out),to get big,to become inflated|JLPT N2
不潔|ふけつ|unclean,dirty,filthy,impure|JLPT N2
更ける|ふける|to get late,to advance,to wear on|JLPT N2
符号|ふごう|sign,mark,symbol|JLPT N2
夫妻|ふさい|man and wife,married couple|JLPT N2
塞がる|ふさがる|to be plugged up,to be shut up|JLPT N2
塞ぐ|ふさぐ|to stop up,to close up,to block (up)|JLPT N2
ふざける||to romp,to gambol,to frolic,to joke|JLPT N2
無沙汰|ぶさた|neglecting to stay in contact|JLPT N2
武士|ぶし|warrior,samurai|JLPT N2
部首|ぶしゅ|radical (of a kanji character)|JLPT N2
襖|ふすま|sliding screen|JLPT N2
附属|ふぞく|attached,belonging,affiliated|JLPT N2
蓋|ふた|cover,lid,cap|JLPT N2
不通|ふつう|suspension,interruption,stoppage,tie-up,cessation|JLPT N2
ぶつかる||to strike,to collide with|JLPT N2
ぶつける||to knock,to run into,to nail on,to strike hard,to hit and attack|JLPT N2
物騒|ぶっそう|dangerous,disturbed,insecure|JLPT N2
ぶつぶつ||grumbling,complaining in a small voice|JLPT N2
船便|ふなびん|surface mail (ship)|JLPT N2
部品|ぶひん|parts,accessories|JLPT N2
吹雪|ふぶき|snow storm|JLPT N2
父母|ふぼ|father and mother,parents|JLPT N2
踏切|ふみきり|railway crossing,level crossing,starting line,scratch,crossover|JLPT N2
麓|ふもと|the foot,the bottom,the base (of a mountain)|JLPT N2
増やす|ふやす|to increase,to add to,to augment|JLPT N2
殖やす|ふやす|to increase,to add to,to augment|JLPT N2
フライパン||fry pan,frying pan|JLPT N2
ブラウス||blouse|JLPT N2
ぶらさげる||to hang,to suspend,to dangle,to swing|JLPT N2
ブラシ||brushy,brush|JLPT N2
プラスチック||plastic|JLPT N2
プラットホーム||platform|JLPT N2
フリー||free|JLPT N2
振り仮名|ふりがな|,pronunciation key|JLPT N2
プリント||print,handout|JLPT N2
振舞う|ふるまう|to behave,to conduct oneself,to entertain (vt)|JLPT N2
ブローチ||brooch|JLPT N2
プログラム||program|JLPT N2
風呂敷|ふろしき|wrapping cloth,cloth wrapper|JLPT N2
ふわふわ||light,soft|JLPT N2
噴火|ふんか|eruption|JLPT N2
分解|ぶんかい|analysis,disassembly|JLPT N2
文芸|ぶんげい|literature,art and literature,belles-lettres|JLPT N2
文献|ぶんけん|literature,books (reference)|JLPT N2
噴水|ふんすい|water fountain|JLPT N2
分数|ぶんすう|fraction (in math)|JLPT N2
文体|ぶんたい|literary style|JLPT N2
分布|ぶんぷ|distribution|JLPT N2
文房具|ぶんぼうぐ|stationery|JLPT N2
文脈|ぶんみゃく|context|JLPT N2
分量|ぶんりょう|amount,quantity|JLPT N2
分類|ぶんるい|classification|JLPT N2
閉会|へいかい|closure|JLPT N2
平気|へいき|coolness,calmness,composure,unconcern|JLPT N2
並行|へいこう|(going) side by side,concurrent,abreast,at the same time|JLPT N2
平日|へいじつ|weekday,ordinary days|JLPT N2
兵隊|へいたい|soldier,sailor|JLPT N2
平凡|へいぼん|common,commonplace,ordinary,mediocre|JLPT N2
平野|へいや|plain,open field|JLPT N2
凹む|へこむ|to be dented,to be indented,to yield to,to give,to sink,to collapse,to cave in,to be snubbed|JLPT N2
へそ||navel,belly-button|JLPT N2
隔てる|へだてる|to be shut out|JLPT N2
別荘|べっそう|holiday house,villa|JLPT N2
別々|べつべつ|separately,individually|JLPT N2
ベテラン||veteran|JLPT N2
ヘリコプター||helicopter|JLPT N2
へる||to decrease (in size or number),to diminish,to abate|JLPT N2
ぺん||pen|JLPT N2
編集|へんしゅう|editing,compilation,editorial (e.g. committee)|JLPT N2
便所|べんじょ|toilet,lavatory,rest room,latrine,comfort station|JLPT N2
ペンチ||(abbr) pliers (lit: pinchers)|JLPT N2
望遠鏡|ぼうえんきょう|telescope|JLPT N2
方角|ほうがく|direction,way,compass point|JLPT N2
箒|ほうき|(n) broom|JLPT N2
方言|ほうげん|dialect|JLPT N2
坊さん|ぼうさん|Buddhist priest,monk|JLPT N2
防止|ぼうし|prevention,check|JLPT N2
方針|ほうしん|objective,plan,policy|JLPT N2
包装|ほうそう|packing,wrapping|JLPT N2
法則|ほうそく|law,rule|JLPT N2
包帯|ほうたい|bandage,dressing|JLPT N2
膨大|ぼうだい|huge,bulky,enormous,extensive,swelling,expansion|JLPT N2
庖丁|ほうちょう|kitchen knife,carving knife|JLPT N2
方程式|ほうていしき|equation|JLPT N2
防犯|ぼうはん|prevention of crime|JLPT N2
方面|ほうめん|direction,district,field (e.g., of study)|JLPT N2
坊や|ぼうや|boy|JLPT N2
放る|ほうる|to let go|JLPT N2
ボーナス||bonus|JLPT N2
朗らか|ほがらか|brightness,cheerfulness,melodious|JLPT N2
牧場|ぼくじょう|(1) farm (livestock),(2) pasture land,meadow,grazing land|JLPT N2
牧畜|ぼくちく|stock-farming|JLPT N2
保健|ほけん|health preservation,hygiene,sanitation|JLPT N2
募集|ぼしゅう|recruiting,taking applications|JLPT N2
干す|ほす|to air,to dry,to desiccate,to drain (off),to drink up|JLPT N2
ポスター||poster|JLPT N2
北極|ほっきょく|North Pole|JLPT N2
坊っちゃん|ぼっちゃん|son (of others)|JLPT N2
ほどく||to unfasten|JLPT N2
堀|ほり|moat,canal|JLPT N2
掘る|ほる|to dig,to excavate|JLPT N2
彫る|ほる|to carve,to engrave,to sculpture,to chisel|JLPT N2
ぼろ||rag,scrap,tattered clothes,fault (esp. in a pretense)|JLPT N2
盆|ぼん|Lantern Festival,Festival of the Dead,tray|JLPT N2
盆地|ぼんち|basin (e.g. between mountains)|JLPT N2
本部|ほんぶ|headquarters|JLPT N2
本来|ほんらい|essentially,naturally,by nature|JLPT N2
まあまあ||so-so|JLPT N2
枚数|まいすう|the number of flat things|JLPT N2
毎度|まいど|each time,common service-sector greeting|JLPT N2
マイナス||minus|JLPT N2
巻く|まく|to wind,to coil,to roll|JLPT N2
蒔く|まく|to sow (seeds)|JLPT N2
撒く|まく|to scatter,to sprinkle,to sow|JLPT N2
枕|まくら|pillow,bolster|JLPT N2
曲げる|まげる|to bend,to crook,to lean|JLPT N2
まごまご||confused|JLPT N2
摩擦|まさつ|friction,rubbing,rubdown,chafe|JLPT N2
混ざる|まざる|to be mixed,to be blended with,to associate with,to mingle with,to join|JLPT N2
交ざる|まざる|to be mixed,to be blended with,to associate with,to mingle with,to join|JLPT N2
混じる|まじる|to be mixed,to be blended with,to associate with|JLPT N2
交じる|まじる|to be mixed,to be blended with,to associate with|JLPT N2
マスク||mask|JLPT N2
混ぜる|まぜる|to mix,to stir|JLPT N2
交ぜる|まぜる|to be mixed,to be blended with|JLPT N2
またぐ||to straddle|JLPT N2
又は|または|or,otherwise|JLPT N2
待合室|まちあいしつ|waiting room|JLPT N2
待ち合わせる|まちあわせる|to rendezvous,to meet at a prearranged place and time|JLPT N2
街角|まちかど|street corner|JLPT N2
真っ暗|まっくら|total darkness,shortsightedness,pitch dark|JLPT N2
真っ黒|まっくろ|pitch black|JLPT N2
真っ青|まっさお|deep blue,ghastly pale|JLPT N2
真っ先|まっさき|the head,the foremost,beginning|JLPT N2
真っ白|まっしろ|pure white|JLPT N2
祭る|まつる|to deify,to enshrine|JLPT N2
窓口|まどぐち|ticket window|JLPT N2
纏まる|まとまる|to be collected,to be settled,to be in order|JLPT N2
纏める|まとめる|to put in order,to collect,to bring to a conclusion|JLPT N2
真似る|まねる|to mimic,to imitate|JLPT N2
まぶしい||dazzling,radiant|JLPT N2
まぶた||eyelids|JLPT N2
マフラー||muffler,scarf|JLPT N2
間も無く|まもなく|soon,before long,in a short time|JLPT N2
マラソン||marathon|JLPT N2
円い|まるい|round,circular,spherical|JLPT N2
稀|まれ|rare,seldom|JLPT N2
回り道|まわりみち|detour|JLPT N2
満員|まんいん|full house,no vacancy,sold out|JLPT N2
マンション||large apartment,apartment house|JLPT N2
満点|まんてん|perfect score|JLPT N2
見送る|みおくる|(1) to see off,to farewell,(2) to escort,(3) to let pass|JLPT N2
見下ろす|みおろす|to overlook,to command a view of,to look down on something|JLPT N2
見掛け|みかけ|outward appearance|JLPT N2
三日月|みかづき|new moon,crescent moon|JLPT N2
岬|みさき|cape (on coast)|JLPT N2
みじめ||(arch) sad,pitiful,wretched|JLPT N2
ミシン||sewing machine|JLPT N2
店屋|みせや|store,shop|JLPT N2
見出し|みだし|heading,caption,subtitle,index|JLPT N2
道順|みちじゅん|itinerary,route|JLPT N2
見付かる|みつかる|to be found,to be discovered|JLPT N2
見付ける|みつける|to be familiar,to discover,to detect|JLPT N2
みっともない||shameful,indecent|JLPT N2
見直す|みなおす|to look again,to get a better opinion of|JLPT N2
見慣れる|みなれる|to become used to seeing,to be familiar with|JLPT N2
醜い|みにくい|ugly|JLPT N2
実る|みのる|to bear fruit,to ripen|JLPT N2
身分|みぶん|social position,social status|JLPT N2
見本|みほん|sample|JLPT N2
見舞う|みまう|to ask after (health),to visit|JLPT N2
未満|みまん|less than,insufficient|JLPT N2
名字|みょうじ|surname,family name|JLPT N2
ミリ|（メートル）|milli-,10^-3|JLPT N2
診る|みる|to examine (medical)|JLPT N2
民間|みんかん|private,civilian,civil,popular,folk,unofficial|JLPT N2
民謡|みんよう|folk song,popular song|JLPT N2
向う|むかう|(v5u) to face,to go towards|JLPT N2
剥く|むく|to peel,to skin,to pare,to hull|JLPT N2
無限|むげん|infinite|JLPT N2
無地|むじ|plain,unfigured|JLPT N2
蒸し暑い|むしあつい|humid,sultry|JLPT N2
矛盾|むじゅん|contradiction,inconsistency|JLPT N2
蒸す|むす|to steam,to poultice,to be sultry|JLPT N2
無数|むすう|countless number,infinite number|JLPT N2
紫|むらさき|purple colour,violet|JLPT N2
群れ|むれ|group,crowd,flock,herd|JLPT N2
姪|めい|niece|JLPT N2
名作|めいさく|masterpiece|JLPT N2
名刺|めいし|business card|JLPT N2
名詞|めいし|noun|JLPT N2
名所|めいしょ|famous place|JLPT N2
命ずる|めいずる|to command,to appoint|JLPT N2
迷信|めいしん|superstition|JLPT N2
名物|めいぶつ|famous product,special product,speciality|JLPT N2
銘々|めいめい|each,individual|JLPT N2
目上|めうえ|superior(s),senior|JLPT N2
メーター||meter (clock)|JLPT N2
恵まれる|めぐまれる|to be blessed with,to be rich in|JLPT N2
巡る|めぐる|to go around|JLPT N2
目指す|めざす|to aim at,to have an eye on|JLPT N2
目覚し|めざまし|(abbr) alarm-clock|JLPT N2
目下|めした|at present,now|JLPT N2
目印|めじるし|mark,sign,landmark|JLPT N2
目立つ|めだつ|to be conspicuous,to stand out|JLPT N2
めちゃくちゃ||absurd,unreasonable,excessive,messed up,spoiled,wreaked|JLPT N2
めっきり||remarkably|JLPT N2
めでたい||happy,simple soul,propitious,joyous|JLPT N2
メニュー||menu|JLPT N2
めまい||dizziness,giddiness|JLPT N2
目安|めやす|criterion,aim|JLPT N2
免税|めんぜい|tax exemption,duty exemption|JLPT N2
面積|めんせき|area|JLPT N2
面接|めんせつ|interview|JLPT N2
面倒臭い|めんどうくさい|bother to do,tiresome|JLPT N2
儲かる|もうかる|to be profitable,to yield a profit|JLPT N2
儲ける|もうける|to get,to earn,to gain,to have (bear, beget) a child|JLPT N2
申し訳ない|もうしわけない|inexcusable|JLPT N2
モーター||motor|JLPT N2
木材|もくざい|lumber,timber,wood|JLPT N2
目次|もくじ|table of contents|JLPT N2
潜る|もぐる|(1) to drive,to pass through,(2) to evade,to hide,(3) to dive (into or under water),to go undergroun|JLPT N2
もしかしたら||perhaps,maybe,by some chance|JLPT N2
もしかすると||perhaps,maybe,by some chance|JLPT N2
もたれる||to lean against,to lean on,to recline on,to lie heavy (on the stomach)|JLPT N2
モダン||modern|JLPT N2
餅|もち|sticky rice cake|JLPT N2
もったいない||too good,more than one deserves,wasteful,sacrilegious,unworthy of|JLPT N2
モデル||model|JLPT N2
元々|もともと|originally,by nature,from the start|JLPT N2
物置|ものおき|storage room|JLPT N2
物語る|ものがたる|to tell,to indicate|JLPT N2
物差し|ものさし|ruler,measure|JLPT N2
物凄い|ものすごい|earth-shattering,staggering,to a very great extent|JLPT N2
モノレール||monorail|JLPT N2
揉む|もむ|to rub,to crumple (up),to wrinkle|JLPT N2
燃やす|もやす|to burn|JLPT N2
催し|もよおし|event,festivities,function|JLPT N2
盛る|もる|(1) to serve (food, etc.),(2) to fill up,(3) to prescribe|JLPT N2
問答|もんどう|questions and answers,dialogue|JLPT N2
やかましい||(1) noisy,(2) strict,fussy|JLPT N2
夜間|やかん|at night,nighttime|JLPT N2
薬缶|やかん|kettle|JLPT N2
役者|やくしゃ|actor,actress|JLPT N2
役所|やくしょ|government office,public office|JLPT N2
訳す|やくす|to translate|JLPT N2
役人|やくにん|government official|JLPT N2
薬品|やくひん|medicine(s),chemical(s)|JLPT N2
役目|やくめ|duty,business|JLPT N2
火傷|やけど|burn,scald|JLPT N2
夜行|やこう|walking around at night,night train,night travel|JLPT N2
矢印|やじるし|directing arrow|JLPT N2
やたらに||randomly,recklessly,blindly|JLPT N2
薬局|やっきょく|pharmacy,drugstore|JLPT N2
やっつける||to attack (an enemy),to beat,to do away with,to finish off|JLPT N2
家主|やぬし|landlord|JLPT N2
やっぱり||also,as I thought,still,in spite of,absolutely,of course|JLPT N2
破れる|やぶれる|to get torn,to wear out|JLPT N2
やむをえない||cannot be helped,unavoidable|JLPT N2
軟らかい|やわらかい|soft,tender,limp|JLPT N2
遊園地|ゆうえんち|amusement park|JLPT N2
夕刊|ゆうかん|evening paper|JLPT N2
友好|ゆうこう|friendship|JLPT N2
郵送|ゆうそう|mailing|JLPT N2
夕立|ゆうだち|(sudden) evening shower (rain)|JLPT N2
夕日|ゆうひ|(in) the evening sun,setting sun|JLPT N2
悠々|ゆうゆう|quiet,calm,leisurely|JLPT N2
有料|ゆうりょう|admission-paid,toll|JLPT N2
浴衣|ゆかた|bathrobe,informal summer kimono,yukata|JLPT N2
湯気|ゆげ|steam,vapour|JLPT N2
輸血|ゆけつ|blood transfusion|JLPT N2
輸送|ゆそう|transport,transportation|JLPT N2
油断|ゆだん|negligence,unpreparedness|JLPT N2
ゆでる||to boil|JLPT N2
湯飲み|ゆのみ|teacup|JLPT N2
緩い|ゆるい|loose,lenient,slow|JLPT N2
溶岩|ようがん|lava|JLPT N2
容器|ようき|container,vessel|JLPT N2
用語|ようご|term,terminology|JLPT N2
要旨|ようし|gist,essentials,summary,fundamentals|JLPT N2
幼児|ようじ|infant,baby,child|JLPT N2
容積|ようせき|capacity,volume|JLPT N2
幼稚|ようち|infancy,childish,infantile|JLPT N2
幼稚園|ようちえん|kindergarten|JLPT N2
用途|ようと|use,usefulness|JLPT N2
洋品店|ようひんてん|shop which handles Western-style apparel and accessories|JLPT N2
養分|ようぶん|nourishment,nutrient|JLPT N2
羊毛|ようもう|wool|JLPT N2
漸く|ようやく|gradually,finally,hardly|JLPT N2
要領|ようりょう|point,gist,essentials,outline|JLPT N2
欲張り|よくばり|avarice,covetousness,greed|JLPT N2
余計|よけい|too much,unnecessary,abundance,surplus,excess,superfluity|JLPT N2
よこす||(1) to send,to forward,(2) to hand over (e.g. money)|JLPT N2
汚す|よごす|(1) to disgrace,to dishonour,(2) to pollute,to contaminate,to soil,to make dirty,to stain|JLPT N2
寄せる|よせる|to collect,to gather,to add,to put aside|JLPT N2
余所|よそ|another place,somewhere else,strange parts|JLPT N2
四つ角|よつかど|four corners,crossroads|JLPT N2
酔っ払い|よっぱらい|drunkard|JLPT N2
予備|よび|preparation,preliminaries,reserve,spare|JLPT N2
呼び掛ける|よびかける|to call out to,to accost,to address (crowd),to appeal|JLPT N2
呼び出す|よびだす|to summon,to call (e.g. phone)|JLPT N2
蘇る|よみがえる|to be resurrected,to be revived,to be resuscitated,to be rehabilitated|JLPT N2
因る|よる|to come from|JLPT N2
慶び|よろこび|(n) (a) joy,(a) delight,rapture,pleasure,gratification,rejoicing,congratulations,felicitations|JLPT N2
来日|らいにち|arrival in Japan,coming to Japan,visit to Japan|JLPT N2
落第|らくだい|failure,dropping out of a class|JLPT N2
ラッシュアワー||rush hour|JLPT N2
欄|らん|column of text (e.g. as in a newspaper)|JLPT N2
ランチ||launch,lunch|JLPT N2
ランニング||(1) running,(2) tank top|JLPT N2
乱暴|らんぼう|rude,violent,rough,lawless,unreasonable,reckless|JLPT N2
理科|りか|science|JLPT N2
利害|りがい|advantages and disadvantages,interest|JLPT N2
リズム||rhythm|JLPT N2
リットル||litre|JLPT N2
リボン||ribbon|JLPT N2
略す|りゃくす|to abbreviate|JLPT N2
流域|りゅういき|(river) basin|JLPT N2
寮|りょう|hostel,dormitory|JLPT N2
両側|りょうがわ|both sides|JLPT N2
漁師|りょうし|fisherman|JLPT N2
領事|りょうじ|consul|JLPT N2
領収|りょうしゅう|receipt,voucher|JLPT N2
臨時|りんじ|temporary,special,extraordinary|JLPT N2
留守番|るすばん|care-taking,caretaker,house-watching|JLPT N2
例外|れいがい|exception|JLPT N2
零点|れいてん|zero,no marks|JLPT N2
冷凍|れいとう|freezing,cold storage,refrigeration|JLPT N2
レインコート||raincoat|JLPT N2
レクリェーション||recreation|JLPT N2
レジャー||leisure|JLPT N2
列島|れっとう|chain of islands|JLPT N2
レベル||level|JLPT N2
リポート||report,paper|JLPT N2
煉瓦|れんが|brick|JLPT N2
連合|れんごう|union,alliance|JLPT N2
レンズ||lens|JLPT N2
蝋燭|ろうそく|candle|JLPT N2
ローマじ||romanization,Roman letters|JLPT N2
録音|ろくおん|(audio) recording|JLPT N2
ロッカー||locker|JLPT N2
ロビー||lobby|JLPT N2
論ずる|ろんずる|to argue,to discuss,to debate|JLPT N2
和英|わえい|Japanese-English|JLPT N2
分る|わかる|to be understood|JLPT N2
分かれる|わかれる|to branch off,to diverge from,to fork,to split,to dispense,to scatter,to divide into|JLPT N2
若々しい|わかわかしい|youthful,young|JLPT N2
湧く|わく|to boil,to grow hot,to get excited,to gush forth|JLPT N2
詫びる|わびる|to apologize|JLPT N2
和服|わふく|Japanese clothes|JLPT N2
わりあいに||comparatively|JLPT N2
割算|わりざん|division (math)|JLPT N2
割と|わりと|relatively, comparitively|JLPT N2
割引|わりびき|discount,reduction,rebate|JLPT N2
椀|わん|Japanese soup bowl,wooden bowl|JLPT N2
碗|わん|bowl|JLPT N2
ワンピース||one-piece dress|JLPT N2
