お|じき|earnestly, immediately, exactly|JLPT N3
さ|きょか|permission, approval|JLPT N3
ありがとう||(conj, exp, int) Thank you|JLPT N3
時|とき| time, hour, occasion, moment|JLPT N3
それ||it, that|JLPT N3
あっ||Ah!, Oh!|JLPT N3
事|こと|thing, matter, fact, circumstances|JLPT N3
感じ|かんじ|feeling, sense, impression|JLPT N3
来|らい|, for (10 days), next (year)|JLPT N3
よろしく||well, properly, suitably, best regards|JLPT N3
月|つき|moon, month|JLPT N3
日本|にっぽん・にほん|Japan|JLPT N3
円|えん|circle, money|JLPT N3
者|もの|person|JLPT N3
できる||to be able to, to be ready, to occur|JLPT N3
会|かい|meeting, assembly, party|JLPT N3
行き|いき/ゆき|going,|JLPT N3
分|ぶ|dividing, part|JLPT N3
考え|かんがえ|thinking, thought, ideas, intention|JLPT N3
回|かい|counter for occurrences|JLPT N3
そして||and|JLPT N3
いつも||always, usually, every time|JLPT N3
情報|じょうほう|information, (military) intelligence|JLPT N3
度|たび|counter for occurrences|JLPT N3
すごい||terrible, dreadful, terrific, amazing|JLPT N3
参加|さんか|participation|JLPT N3
様|よう|way, manner, kind|JLPT N3
ただ||free of charge,|JLPT N3
性|せい|sex, gender|JLPT N3
数|かず|number, figure|JLPT N3
しまう||to finish, to close, put an end|JLPT N3
いえ|いえ| same as いいえ in spoken|JLPT N3
かなり||considerably, fairly, quite|JLPT N3
大変|たいへん|awful, dreadful, terrible, very|JLPT N3
是非|ぜひ|certainly, without fail|JLPT N3
ゲーム||game|JLPT N3
疲れ|つかれ|tiredness, fatigue|JLPT N3
一番|いちばん|best, first, number one|JLPT N3
他|た|other (esp. places and things)|JLPT N3
さて||well, now, then|JLPT N3
おめでとう||Congratulations!|JLPT N3
頃|ころ|time, about, toward|JLPT N3
嬉しい|うれしい|happy, glad, pleasant|JLPT N3
人間|にんげん|human being, man, person|JLPT N3
今回|こんかい|now, this time, lately|JLPT N3
なかなか||very, considerably, easily|JLPT N3
まあ||(female) you might say|JLPT N3
営業|えいぎょう|business, trade, management|JLPT N3
最高|さいこう|highest, supreme, the most|JLPT N3
県|けん|prefecture|JLPT N3
無事|ぶじ|safety, peace, quietness|JLPT N3
期待|きたい|expectation, anticipation, hope|JLPT N3
だって||but, because, even, also, too|JLPT N3
ちゃんと||perfectly, properly, exactly|JLPT N3
酒|さけ|alcohol, sake|JLPT N3
金|かね|(gold, gold general (shogi)|JLPT N3
感謝|かんしゃ|thanks, gratitude|JLPT N3
結局|けっきょく|after all, eventually|JLPT N3
名|な|name, reputation|JLPT N3
確認|かくにん|affirmation, confirmation|JLPT N3
全然|ぜんぜん|(wholly, entirely, completely|JLPT N3
通り|とおり|in accordance with ~, following ~,~ Street|JLPT N3
準備|じゅんび・する|preparation, arrangements|JLPT N3
位|くらい|grade, rank, about|JLPT N3
作品|さくひん|work, performance, production|JLPT N3
生|なま|(1) draft (beer),(2) raw, unprocessed|JLPT N3
作業|さぎょう|work, operation, manufacturing|JLPT N3
やはり||also, as I thought, still, in spite of, absolutely|JLPT N3
どんな||what, what kind of|JLPT N3
可能|かのう|possible, practicable, feasible|JLPT N3
状態|じょうたい|condition, situation, circumstances|JLPT N3
今後|こんご|from now on, hereafter|JLPT N3
帰宅|きたく|returning home|JLPT N3
結果|けっか|result, consequence|JLPT N3
心配|しんぱい・する|worry, concern, anxiety, care|JLPT N3
こんにちは||hello, good day|JLPT N3
週間|しゅうかん|week, weekly|JLPT N3
内|うち|inside|JLPT N3
個人|こじん|individual, private person, personal|JLPT N3
誕生|たんじょう|birth|JLPT N3
汗|あせ|sweat, perspiration|JLPT N3
幸せ|しあわせ|happiness, good fortune, luck|JLPT N3
しかも||moreover, furthermore, nevertheless|JLPT N3
全く|まったく|really, truly, entirely, completely|JLPT N3
ずっと||consecutively, throughout, a lot|JLPT N3
ビール||beer|JLPT N3
内容|ないよう|subject, contents, substance,|JLPT N3
相手|あいて|companion, partner|JLPT N3
最終|さいしゅう|last, final, closing|JLPT N3
人生|じんせい|(human) life (i.e. conception to death)|JLPT N3
絶対|ぜったい|absolute, unconditional, absoluteness|JLPT N3
サービス||(service, support system, goods or services without charge|JLPT N3
風呂|ふろ|bath|JLPT N3
無料|むりょう|free, no charge|JLPT N3
場|ば|place, field (physics)|JLPT N3
よい||good, nice, pleasant, ok|JLPT N3
現在|げんざい|present, up to now, nowadays|JLPT N3
流れ|ながれ|stream, current|JLPT N3
地|ち|earth|JLPT N3
影響|えいきょう|influence, effect|JLPT N3
すみません||sorry, excuse me|JLPT N3
実は|じつは|as a matter of fact, by the way|JLPT N3
街|まち|(1) town, city|JLPT N3
氏|し|family name, lineage, birth|JLPT N3
申し訳|もうしわけ|apology, excuse|JLPT N3
負け|まけ|defeat, loss, losing (a game)|JLPT N3
開始|かいし|start, commencement, beginning|JLPT N3
等|など|et cetera, etc., and the like|JLPT N3
完全|かんぜん|perfection, completeness|JLPT N3
企業|きぎょう|enterprise, undertaking|JLPT N3
移動|いどう|removal, migration, movement|JLPT N3
商品|しょうひん|commodity, article of commerce|JLPT N3
違い|ちがい|difference, discrepancy|JLPT N3
お腹|おなか|stomach, tummy|JLPT N3
台|だい|stand, rack, table, support, counter for machine|JLPT N3
元|もと|(1) origin, original,(2) former|JLPT N3
状況|じょうきょう|state of affairs, situation|JLPT N3
発表|はっぴょう|announcement, publication|JLPT N3
時期|じき|time, season, period|JLPT N3
多分|たぶん|perhaps, probably|JLPT N3
友人|ゆうじん|friend|JLPT N3
全て|すべて|all, the whole, entirely, in general|JLPT N3
販売|はんばい|sale, selling, marketing|JLPT N3
式|しき|equation, formula, ceremony|JLPT N3
機能|きのう|function, faculty|JLPT N3
読み|よみ|reading|JLPT N3
変更|へんこう|change, modification, alteration|JLPT N3
逆|ぎゃく|reverse, opposite|JLPT N3
完了|かんりょう|completion, conclusion|JLPT N3
感じる|かんじる|to feel, to sense, to experience|JLPT N3
大会|たいかい|convention, tournament, mass meeting|JLPT N3
理解|りかい|understanding, comprehension|JLPT N3
祭|まつり|festival, feast|JLPT N3
女子|じょし|woman, girl|JLPT N3
素晴らしい|すばらしい|wonderful, splendid, magnificent|JLPT N3
方法|ほうほう|method, manner, way, means, technique|JLPT N3
試し|ためし|trial, test|JLPT N3
選手|せんしゅ|(player (in game), team|JLPT N3
調子|ちょうし|condition, form, shape, tune, key|JLPT N3
活動|かつどう|action, activity|JLPT N3
環境|かんきょう|environment, circumstance|JLPT N3
相談|そうだん/そうだんする|consultation, discussion|JLPT N3
涙|なみだ|tear|JLPT N3
管理|かんり|control, management|JLPT N3
側|そば|side, edge, third person|JLPT N3
びっくり||be surprised, be amazed, be frightened|JLPT N3
末|すえ|the end of, powder|JLPT N3
先日|せんじつ|the other day, a few days ago|JLPT N3
感動|かんどう|being deeply moved, excitement|JLPT N3
希望|きぼう|hope, wish, aspiration|JLPT N3
部分|ぶぶん|portion, section, part|JLPT N3
実際|じっさい|practical, actual condition|JLPT N3
以前|いぜん|ago since, before, previous|JLPT N3
地域|ちいき|area, region|JLPT N3
お昼|おひる|lunch, noon|JLPT N3
あんまり||not very, not much, rest|JLPT N3
うまい|うまい|be good at, delicious (spoken)|JLPT N3
基本|きほん|foundation, basis, standard|JLPT N3
運転|うんてん・する|operation, motion, driving, to drive|JLPT N3
量|りょう|quantity, amount, volume, portion (of food)|JLPT N3
セット||set|JLPT N3
記事|きじ|article, news story, report, account|JLPT N3
到着|とうちゃく|arrival|JLPT N3
効果|こうか|effect, effectiveness|JLPT N3
行動|こうどう|action, conduct, behaviour|JLPT N3
本当|ほんとう・ほんと|truth, reality|JLPT N3
人気|にんき|popularity|JLPT N3
存在|そんざい|existence, being|JLPT N3
ドラマ||drama|JLPT N3
カード||card, curd|JLPT N3
気温|きおん|temperature|JLPT N3
間違い|まちがい|mistake|JLPT N3
際|さい|on the occasion of, circumstances|JLPT N3
健康|けんこう|health, sound, wholesome|JLPT N3
担当|たんとう|(in) charge|JLPT N3
ほぼ||almost, roughly, approximately|JLPT N3
経験|けいけん・する|experience, to experience|JLPT N3
ごめんなさい||I beg your pardon, excuse me|JLPT N3
チーム||team|JLPT N3
続き|つづき|sequel, continuation|JLPT N3
方々|かたがた|persons, this and that, everywhere|JLPT N3
監督|かんとく|supervision, control|JLPT N3
品|しな|thing, article, goods, dignity|JLPT N3
こんなに||so, like this, in this way|JLPT N3
注文|ちゅうもん|order, request|JLPT N3
海外|かいがい|foreign, abroad, overseas|JLPT N3
程度|ていど|degree, amount, grade, standard|JLPT N3
腹|はら|abdomen, belly, stomach|JLPT N3
報告|ほうこく|report, information|JLPT N3
型|かた|mold, model, style, shape|JLPT N3
楽|らく|comfort, ease|JLPT N3
記念|きねん|commemoration, memory|JLPT N3
そのまま||without change, as it is (i.e. now)|JLPT N3
神|かみ|god|JLPT N3
不安|ふあん|anxiety, uneasiness, insecurity, suspense|JLPT N3
文字|もじ|letter (of alphabet), character|JLPT N3
率|りつ|rate, ratio, proportion, percentage|JLPT N3
不思議|ふしぎ|mystery, curiosity|JLPT N3
番|ばん|counter for a number|JLPT N3
記憶|きおく|memory, recollection, remembrance|JLPT N3
弁当|べんとう|box lunch|JLPT N3
笑顔|えがお|smiling face|JLPT N3
国民|こくみん|national, people, citizen|JLPT N3
決定|けってい|decision, determination|JLPT N3
発見|はっけん|discovery, detection, finding|JLPT N3
お互い|おたがい|mutual, reciprocal, each other|JLPT N3
交換|こうかん|exchange, interchange, reciprocity|JLPT N3
使用|しよう|use, application, employment, utilization|JLPT N3
愛|あい|love|JLPT N3
身体|しんたい|the body|JLPT N3
想像|そうぞう|imagination, guess|JLPT N3
意識|いしき|consciousness, senses|JLPT N3
現実|げんじつ|reality|JLPT N3
迷惑|めいわく|trouble, bother, annoyance|JLPT N3
微妙|びみょう|delicate, subtle|JLPT N3
残り|のこり|remnant, residue, remaining, left-over|JLPT N3
演奏|えんそう|musical performance|JLPT N3
成功|せいこう|success, hit|JLPT N3
自然|しぜん|nature, spontaneous|JLPT N3
切れ|きれ|cloth, piece, cut, chop|JLPT N3
重要|じゅうよう|important, momentous, essential|JLPT N3
仲間|なかま|company, fellow, colleague, associate|JLPT N3
始まり|はじまり|origin, beginning|JLPT N3
普段|ふだん|usually, habitually, ordinarily, always|JLPT N3
飯|めし|(sl) meals, food|JLPT N3
契約|けいやく|contract, compact, agreement|JLPT N3
話題|わだい|topic, subject|JLPT N3
小|しょう|small|JLPT N3
感覚|かんかく|sense, sensation|JLPT N3
姿|すがた|figure, shape, appearance|JLPT N3
旅|たび|travel, trip, journey|JLPT N3
満足|まんぞく|satisfaction|JLPT N3
整理|せいり|sorting, arrangement, adjustment|JLPT N3
週|しゅう|week|JLPT N3
食事|しょくじ・する|meal, to have a meal|JLPT N3
差|さ|difference, variation|JLPT N3
正直|しょうじき|honesty, integrity, frankness|JLPT N3
何とか|なんとか|somehow, anyhow, one way or another|JLPT N3
余裕|よゆう|surplus, composure, margin, room, time|JLPT N3
非常|ひじょう|emergency, extraordinary, unusual|JLPT N3
被害|ひがい|damage|JLPT N3
連続|れんぞく|serial, consecutive, continuity, continuing|JLPT N3
一般|いっぱん|general, liberal, universal, ordinary|JLPT N3
過去|かこ|the past, bygone days|JLPT N3
生まれ|うまれ|birth, birth-place|JLPT N3
御|お|honourable|JLPT N3
計画|けいかく・する|plan, project, schedule|JLPT N3
センター||a center|JLPT N3
完成|かんせい|complete, completion, perfection|JLPT N3
検討|けんとう|consideration, examination|JLPT N3
プロ||professional|JLPT N3
全国|ぜんこく|country-wide, nation-wide, whole country|JLPT N3
優勝|ゆうしょう|overall victory, championship|JLPT N3
鍋|なべ|saucepan, pot|JLPT N3
評価|ひょうか|valuation, estimation, assessment|JLPT N3
経営|けいえい|management, administration|JLPT N3
代表|だいひょう|representative, representation|JLPT N3
集中|しゅうちゅう|concentration, focusing the mind|JLPT N3
メンバー||member|JLPT N3
語|ご|suffix for language, word|JLPT N3
表現|ひょうげん|expression, presentation, representation (math)|JLPT N3
いつか||sometime, someday, one day|JLPT N3
価値|かち|value, worth, merit|JLPT N3
苦手|にがて|poor (at), weak (in), dislike (of)|JLPT N3
方向|ほうこう|direction, course, way|JLPT N3
全員|ぜんいん|all members (unanimity), all hands|JLPT N3
税|ぜい|a tax|JLPT N3
運動|うんどう・する|motion, exercise, to exercise|JLPT N3
嫁|よめ|bride, daughter-in-law|JLPT N3
まさか||nonsense, that's impossible,|JLPT N3
印象|いんしょう|impression|JLPT N3
既に|すでに|already, too late|JLPT N3
連れ|つれ|companion, company|JLPT N3
それでも||but (still), and yet, nevertheless, even so|JLPT N3
牛|うし|cattle, cow|JLPT N3
目的|もくてき|purpose, goal, aim, objective, intention|JLPT N3
世の中|よのなか|society, the world, the times|JLPT N3
価格|かかく|price, value, cost|JLPT N3
成長|せいちょう|growth, grow to adulthood|JLPT N3
消費|しょうひ|consumption, expenditure|JLPT N3
券|けん|ticket, coupon, bond, certificate|JLPT N3
精神|せいしん|mind, soul, heart, spirit, intention|JLPT N3
値段|ねだん|price, cost|JLPT N3
面|めん|a mask, the face, the surface, an aspect|JLPT N3
自身|じしん|by oneself, personally|JLPT N3
我慢|がまん|patience, endurance|JLPT N3
約|やく|approximately, about, some|JLPT N3
組|くみ|class, group, team, set|JLPT N3
電子|でんし|electron|JLPT N3
未来|みらい|future (life, tense)|JLPT N3
身|み|body, main part, oneself, sword|JLPT N3
アルバム||album|JLPT N3
雰囲気|ふんいき|atmosphere (e.g. musical), mood|JLPT N3
無し|なし|without|JLPT N3
判断|はんだん|judgement, decision|JLPT N3
解決|かいけつ|settlement, solution, resolution|JLPT N3
期間|きかん|period, term|JLPT N3
無|ぶ|nothing, naught, nil, zero|JLPT N3
協力|きょうりょく|cooperation, collaboration|JLPT N3
まさに||correctly, surely|JLPT N3
とにかく||anyhow, at any rate, anyway, somehow or other|JLPT N3
責任|せきにん|duty, responsibility|JLPT N3
目標|もくひょう|mark, objective, target|JLPT N3
納得|なっとく|consent, assent, understanding|JLPT N3
実施|じっし|enforcement, enact, put into practice|JLPT N3
通信|つうしん|correspondence, communication, news, signal|JLPT N3
瞬間|しゅんかん|moment, second, instant|JLPT N3
突然|とつぜん|abruptly, suddenly, unexpectedly, all at once|JLPT N3
現場|げんば|scene, scene of the crime|JLPT N3
無駄|むだ|futility, uselessness|JLPT N3
ホーム||(1) platform,(2) home|JLPT N3
法|ほう|Act (law: the X Act)|JLPT N3
面倒|めんどう|trouble, difficulty, care, attention|JLPT N3
地方|ちほう|area, locality, district, region, the coast|JLPT N3
休憩|きゅうけい|rest, break, recess, intermission|JLPT N3
緊張|きんちょう|tension, nervousness|JLPT N3
変化|へんか|goblin, ghost, apparition, bugbear|JLPT N3
参考|さんこう|reference, consultation|JLPT N3
ケース||case|JLPT N3
処理|しょり|processing, dealing with, treatment|JLPT N3
謎|なぞ|riddle, puzzle, enigma|JLPT N3
学|がく|learning, scholarship, erudition|JLPT N3
広告|こうこく|advertisement|JLPT N3
本人|ほんにん|the person himself|JLPT N3
安定|あんてい|stability, equilibrium|JLPT N3
当時|とうじ|at that time, in those days|JLPT N3
明後日|みょうごにち|day after tomorrow|JLPT N3
調査|ちょうさ|investigation, examination, inquiry|JLPT N3
男子|だんし|a boy, a man, a male|JLPT N3
役|やく|use, service, role, position|JLPT N3
次第|しだい|(order, precedence, circumstances|JLPT N3
回復|かいふく|recovery (from illness), improvement|JLPT N3
つまり||in short, in brief, in other words|JLPT N3
馬|うま|horse, promoted bishop (shogi)|JLPT N3
関連|かんれん|relation, connection, relevance|JLPT N3
不足|ふそく|insufficiency, shortage, deficiency, lack|JLPT N3
努力|どりょく|great effort, exertion, endeavour, effort|JLPT N3
胸|むね|breast, chest|JLPT N3
香り|かおり|aroma, fragrance, scent, smell|JLPT N3
魅力|みりょく|charm, fascination, glamour|JLPT N3
クリスマス||Christmas|JLPT N3
案内|あんない・する|information, guidance, leading|JLPT N3
土|つち|earth, soil|JLPT N3
トップ||top|JLPT N3
腰|こし|hip|JLPT N3
ワイン||wine|JLPT N3
勢い|いきおい|force, vigour, energy, spirit|JLPT N3
他人|たにん|another person, unrelated person|JLPT N3
ところで||by the way, even if, no matter what|JLPT N3
それぞれ||each, every, either, respectively|JLPT N3
意外|いがい|unexpected, surprising|JLPT N3
年間|ねんかん|year|JLPT N3
異常|いじょう|strangeness, abnormality|JLPT N3
日曜|にちよう|Sunday|JLPT N3
筋肉|きんにく|muscle, sinew|JLPT N3
局|きょく|a bureau, department|JLPT N3
程|ほど|degree, extent, bounds, limit|JLPT N3
全体|ぜんたい|whole, entirety, whatever (is the matter)|JLPT N3
様子|ようす|aspect, state, appearance|JLPT N3
予報|よほう|forecast, prediction|JLPT N3
例|れい|instance, example, case|JLPT N3
種|たね|(1) seed,(2) material,(3) cause, source|JLPT N3
メモ||memorandum|JLPT N3
勝ち|かち|win, victory|JLPT N3
能力|のうりょく|ability, faculty|JLPT N3
事実|じじつ|fact, truth, reality|JLPT N3
自動|じどう|automatic, self-motion|JLPT N3
値|ね|value, price, cost, worth, merit|JLPT N3
確実|かくじつ|certainty, reliability, soundness|JLPT N3
何で|なんで|Why?, What for?|JLPT N3
定期|ていき|fixed term|JLPT N3
宇宙|うちゅう|universe, cosmos, space|JLPT N3
種類|しゅるい|variety, kind, type|JLPT N3
ミス||miss (mistake, error, failure), Miss|JLPT N3
一瞬|いっしゅん|a moment, an instant|JLPT N3
向かい|むかい|facing, opposite, across the street|JLPT N3
実現|じつげん|implementation, materialization|JLPT N3
年齢|ねんれい|age, years|JLPT N3
キロ||(abbr) kilo-, kilogram, kilometre|JLPT N3
高速|こうそく|high speed, high gear|JLPT N3
相当|そうとう|suitable, fair, tolerable, proper|JLPT N3
模様|もよう|pattern, figure, design|JLPT N3
常に|つねに|always, constantly|JLPT N3
別に|べつに|(not) particularly, nothing|JLPT N3
気味|きみ|-like, -looking, -looked|JLPT N3
市場|いちば|(the) market (as a concept)|JLPT N3
政府|せいふ|government, administration|JLPT N3
馬鹿|ばか|fool, idiot, trivial matter, folly|JLPT N3
会計|かいけい|account, finance, accountant|JLPT N3
チャンス||chance, opportunity|JLPT N3
邪魔|じゃま|hindrance, intrusion|JLPT N3
製品|せいひん|manufactured goods, finished goods|JLPT N3
操作|そうさ|operation, management, processing|JLPT N3
出発|しゅっぱつ・する|departure, to depart|JLPT N3
中央|ちゅうおう|centre, central, center, middle|JLPT N3
スープ||(Western) soup|JLPT N3
更に|さらに|furthermore, again, after all|JLPT N3
笑い|わらい|laugh, laughter, smile|JLPT N3
快適|かいてき|pleasant, agreeable, comfortable|JLPT N3
知識|ちしき|knowledge, information|JLPT N3
日常|にちじょう|ordinary, regular, everyday, usual|JLPT N3
コード||code, cord, chord|JLPT N3
嘘|うそ|lie, falsehood, incorrect fact|JLPT N3
改善|かいぜん|betterment, improvement|JLPT N3
ふと||suddenly, casually, accidentally, incidentally|JLPT N3
選択|せんたく|selection, choice|JLPT N3
中心|ちゅうしん|center, core, heart, pivot, emphasis|JLPT N3
料金|りょうきん|fee, charge, fare|JLPT N3
駄目|だめ|useless, no good, hopeless|JLPT N3
条件|じょうけん|conditions, terms|JLPT N3
帯|おび|band (e.g. conduction, valence)|JLPT N3
睡眠|すいみん|sleep|JLPT N3
劇場|げきじょう|theatre, playhouse|JLPT N3
直接|ちょくせつ|direct, immediate, personal, firsthand|JLPT N3
以来|いらい|since, henceforth|JLPT N3
地球|ちきゅう|the earth|JLPT N3
中止|ちゅうし|suspension, stoppage, discontinuance|JLPT N3
議員|ぎいん|congress or parliament|JLPT N3
限界|げんかい|limit, bound|JLPT N3
対象|たいしょう|target, object (of worship, study, etc)|JLPT N3
エネルギー||(n) energy (de: Energie)|JLPT N3
それとも||or, or else|JLPT N3
ママ||Mama|JLPT N3
痛み|いたみ|pain, ache, sore, grief|JLPT N3
喉|のど|throat|JLPT N3
迎え|むかえ|meeting, person sent to pick up an arrival|JLPT N3
委員|いいん|committee member|JLPT N3
夜中|よなか|midnight, dead of night|JLPT N3
修正|しゅうせい|amendment, correction, revision|JLPT N3
駐車|ちゅうしゃ|parking (e.g. car)|JLPT N3
グループ||group|JLPT N3
川|かわ|river|JLPT N3
命|いのち|, life, destiny|JLPT N3
好み|このみ|liking, taste, choice|JLPT N3
のんびり||carefree, at leisure|JLPT N3
計算|けいさん|calculation, reckoning|JLPT N3
辺り|あたり|vicinity, nearby|JLPT N3
修理|しゅうり|repairing, mending|JLPT N3
出会い|であい|meeting, rendezvous, encounter|JLPT N3
頭痛|ずつう|headache|JLPT N3
物語|ものがたり|tale, story, legend|JLPT N3
チーズ||cheese|JLPT N3
感情|かんじょう|emotion(s), feeling(s)|JLPT N3
どうしても||by all means, at any cost, no matter what|JLPT N3
位置|いち|place, situation, position, location|JLPT N3
思い出|おもいで|memories, recollections|JLPT N3
デモ||(abbr) demo, demonstration|JLPT N3
事件|じけん|event, affair, incident|JLPT N3
道路|どうろ|road, highway|JLPT N3
活用|かつよう|conjugation, practical use|JLPT N3
講演|こうえん|lecture, address|JLPT N3
肩|かた|shoulder|JLPT N3
新た|あらた|new, fresh, novel|JLPT N3
舞台|ぶたい|stage (theatre)|JLPT N3
噂|うわさ|rumour, report, gossip|JLPT N3
一言|ひとこと|single word|JLPT N3
王|おう|king, ruler, sovereign, monarch|JLPT N3
丸|まる|circle, full (month), perfection, purity|JLPT N3
桜|さくら|cherry blossom, cherry tree|JLPT N3
ドライブ||drive, trip by car, driving|JLPT N3
出身|しゅっしん|graduate from, come from|JLPT N3
現状|げんじょう|present condition, existing state|JLPT N3
主義|しゅぎ|doctrine, rule, principle|JLPT N3
秒|びょう|second (60th min)|JLPT N3
なお||straight, mischief, ordinary, common|JLPT N3
一体|いったい|one object, one body, what on earth?|JLPT N3
注目|ちゅうもく|notice, attention, observation|JLPT N3
土産|みやげ|present, souvenir|JLPT N3
思わず|おもわず|unintentional, spontaneous|JLPT N3
袋|ふくろ|bag, sack|JLPT N3
観光|かんこう|sightseeing|JLPT N3
級|きゅう|class, grade, rank, school class|JLPT N3
たっぷり||full, in plenty, ample|JLPT N3
議論|ぎろん|argument, discussion, dispute|JLPT N3
制限|せいげん|restriction, restraint, limitation|JLPT N3
外出|がいしゅつ|outing, going out|JLPT N3
悩む|なやむ|to be worried, to be troubled|JLPT N3
保存|ほぞん|preservation, conservation, storage|JLPT N3
恋|こい|love, tender passion|JLPT N3
爆発|ばくはつ|explosion, detonation, eruption|JLPT N3
胃|い|stomach|JLPT N3
会員|かいいん|member, the membership|JLPT N3
届く|とどく|to reach|JLPT N3
批判|ひはん|criticism, judgement, comment|JLPT N3
不|ふ|un, non, negative prefix|JLPT N3
敵|てき|enemy, rival|JLPT N3
組織|そしき| organization, structure, construction|JLPT N3
賞|しょう|prize, award|JLPT N3
検査|けんさ|inspection (e.g. customs, factory)|JLPT N3
レポート||report, paper|JLPT N3
依頼|いらい|request, commission, dispatch|JLPT N3
団体|だんたい|organization, association|JLPT N3
そのうち||eventually, sooner or later|JLPT N3
匂い|におい|odour, scent, smell, stench|JLPT N3
現代|げんだい|nowadays, modern times|JLPT N3
指導|しどう|leadership, guidance, coaching|JLPT N3
サイン||(autograph, sign, sine|JLPT N3
玉|たま|ball, sphere, coin|JLPT N3
肌|はだ|skin|JLPT N3
貴重|きちょう|precious, valuable|JLPT N3
速度|そくど|speed, velocity, rate|JLPT N3
平和|へいわ|peace, harmony|JLPT N3
ボール||ball, bowl|JLPT N3
幸い|さいわい|happiness, blessedness|JLPT N3
プラン||plan|JLPT N3
美人|びじん|beautiful person (woman)|JLPT N3
我々|われわれ|we|JLPT N3
いらっしゃい||welcome|JLPT N3
実行|じっこう|practice, performance|JLPT N3
一方|いっぽう|on the other hand, meanwhile|JLPT N3
筋|すじ|muscle, string, line|JLPT N3
範囲|はんい|extent, scope, sphere, range|JLPT N3
少女|しょうじょ|daughter, young lady, virgin, maiden|JLPT N3
中古|ちゅうこ|(1) used, second-hand, old|JLPT N3
列|れつ|queue, line, row|JLPT N3
プラス||plus|JLPT N3
一時|いちじ|moment, time|JLPT N3
勇気|ゆうき|courage, bravery, valour, nerve|JLPT N3
きつい||tight, close, intense|JLPT N3
偶然|ぐうぜん|(by) chance, unexpectedly, suddenly|JLPT N3
明らか|あきらか|obvious, evident, clear|JLPT N3
攻撃|こうげき|attack, strike, offensive, criticism|JLPT N3
立場|たちば|standpoint, position, situation|JLPT N3
真面目|まじめ|diligent, serious, honest|JLPT N3
穴|あな|hole|JLPT N3
決まり|きまり|settlement, conclusion, regulation|JLPT N3
無視|むし|disregard, ignore|JLPT N3
ダンス||dance|JLPT N3
投票|とうひょう|voting, poll|JLPT N3
豆|まめ|beans, peas|JLPT N3
見事|みごと|splendid, magnificent, beautiful, admirable|JLPT N3
作家|さっか|author, writer, novelist, artist|JLPT N3
コピー||(a (photo)copy, blurb on a book jacket|JLPT N3
禁止|きんし|prohibition, ban|JLPT N3
文句|もんく|phrase, complaint|JLPT N3
太陽|たいよう|sun, solar|JLPT N3
疑問|ぎもん|question, problem, doubt, guess|JLPT N3
スター||star|JLPT N3
世間|せけん|world, society|JLPT N3
単純|たんじゅん|simplicity|JLPT N3
輪|わ|ring, hoop, circle|JLPT N3
免許|めんきょ|license, permit, licence, certificate|JLPT N3
温度|おんど|temperature|JLPT N3
通過|つうか|passage through, passing|JLPT N3
ゴール||goal|JLPT N3
臭い|くさい|stink, smelly (bad)|JLPT N3
雷|かみなり|thunder|JLPT N3
障害|しょうがい|obstacle, impediment (fault), damage|JLPT N3
オフィス||office|JLPT N3
まるで||quite, entirely, completely|JLPT N3
首相|しゅしょう|Prime Minister|JLPT N3
必死|ひっし|inevitable death, desperation, frantic|JLPT N3
遅刻|ちこく|lateness, late coming|JLPT N3
要素|ようそ|element|JLPT N3
おそらく||perhaps|JLPT N3
地区|ちく|district, section, sector|JLPT N3
ビデオ||video|JLPT N3
対|つい|pair, couple, set|JLPT N3
鬼|おに|ogre, demon|JLPT N3
喜び|よろこび|(a) joy,(a) delight, rapture, pleasure|JLPT N3
記録|きろく|record, minutes, document|JLPT N3
だけど||however|JLPT N3
苦労|くろう|troubles, hardships|JLPT N3
物質|ぶっしつ|material, substance|JLPT N3
縁|えん|relation, connection, ties, fate|JLPT N3
戦い|たたかい|battle, fight, struggle, conflict|JLPT N3
ジュース||juice, soft drink, deuce|JLPT N3
最低|さいてい|least, lowest, worst|JLPT N3
願い|ねがい|desire, wish, request|JLPT N3
刺激|しげき|stimulus, impetus, incentive|JLPT N3
ピン||pin|JLPT N3
運|うん|fortune, luck|JLPT N3
月曜|げつよう・げつようび|Monday|JLPT N3
だが|だが|however|JLPT N3
印刷|いんさつ|printing|JLPT N3
年代|ねんだい|age, era, period, date|JLPT N3
いずれ||which, either, one|JLPT N3
缶|かん|can, tin|JLPT N3
きちんと||precisely, accurately|JLPT N3
事務|じむ|business, office work|JLPT N3
否定|ひてい|negation, denial, repudiation|JLPT N3
制度|せいど|system, institution, organization|JLPT N3
そこで||so (conj), accordingly, now, then, thereupon|JLPT N3
提案|ていあん|proposal, proposition, suggestion|JLPT N3
有る|ある|to be, to have(inanimate objects)|JLPT N3
様々|さまざま|varied, various|JLPT N3
言語|げんご|language|JLPT N3
信頼|しんらい|reliance, trust, confidence|JLPT N3
人類|じんるい|mankind, humanity|JLPT N3
訪問|ほうもん|call, visit|JLPT N3
実験|じっけん|experiment|JLPT N3
弾|たま|bullet, shot, shell|JLPT N3
記者|きしゃ|reporter|JLPT N3
大臣|だいじん|cabinet minister|JLPT N3
具体|ぐたい|concrete, tangible, material|JLPT N3
書類|しょるい|documents, official papers|JLPT N3
付き合い|つきあい|association, socializing, fellowship|JLPT N3
候補|こうほ|candidacy|JLPT N3
就職|しゅうしょく|finding employment, inauguration|JLPT N3
読書|どくしょ|reading|JLPT N3
入場|にゅうじょう|entrance, admission, entering|JLPT N3
有効|ゆうこう|validity, availability, effectiveness|JLPT N3
スタイル||style|JLPT N3
覚悟|かくご|resolution, resignation, readiness|JLPT N3
真剣|しんけん|seriousness, earnestness|JLPT N3
中学|ちゅうがく|middle school, junior high school|JLPT N3
数字|すうじ|numeral, figure|JLPT N3
激しい|はげしい|violent, vehement, intense|JLPT N3
さっぱり||feeling refreshed, feeling relieved|JLPT N3
出版|しゅっぱん|publication|JLPT N3
文|ぶん|sentence|JLPT N3
給料|きゅうりょう|salary, wages|JLPT N3
少年|しょうねん|boys, juveniles|JLPT N3
医療|いりょう|medical care/treatment|JLPT N3
格好|かっこう|shape, form, posture|JLPT N3
住宅|じゅうたく|resident, housing|JLPT N3
食う|くう|(male) (vulg) to eat|JLPT N3
食品|しょくひん|commodity, foodstuff|JLPT N3
都市|とし|town, city, municipal, urban|JLPT N3
妙|みょう|strange, unusual|JLPT N3
アウト||out|JLPT N3
合格|ごうかく|success, passing (e.g. exam)|JLPT N3
地下|ちか|basement, underground|JLPT N3
恐ろしい|おそろしい|terrible, dreadful|JLPT N3
信用|しんよう|confidence, dependence, credit, faith|JLPT N3
奥|おく|interior, inner part|JLPT N3
事情|じじょう|circumstances, consideration|JLPT N3
城|しろ|castle|JLPT N3
原|はら|field, plain, prairie, tundra, moor, wilderness|JLPT N3
実|み|fruit, nut, seed, content, good result|JLPT N3
利益|りえき|profits, gains,(political, economic) interest|JLPT N3
経由|けいゆ|go by the way, via|JLPT N3
少々|しょうしょう|just a minute, small quantity|JLPT N3
茶|ちゃ|tea|JLPT N3
最も|もっとも|most, extremely|JLPT N3
あんなに||to that extent, to that degree|JLPT N3
金曜|きんよう|(abbr) Friday|JLPT N3
眺め|ながめ|scene, view, prospect, outlook|JLPT N3
一生|いっしょう|whole life, a lifetime|JLPT N3
芸術|げいじゅつ|(fine) art, the arts|JLPT N3
比較|ひかく|comparison|JLPT N3
理想|りそう|ideal|JLPT N3
共通|きょうつう|commonness, community|JLPT N3
夫婦|ふうふ|married couple, husband and wife|JLPT N3
鍵|かぎ|key|JLPT N3
計|かたち|shape, form|JLPT N3
提出|ていしゅつ|presentation, submission, filing|JLPT N3
額|がく|picture frame|JLPT N3
質|しつ|quality, nature (of person)|JLPT N3
現象|げんしょう|phenomenon|JLPT N3
孫|まご|grandchild|JLPT N3
汚染|おせん|pollution, contamination|JLPT N3
機関|きかん|organ, mechanism, facility, engine|JLPT N3
働き|はたらき|work, labor|JLPT N3
パス||path, pass (in games)|JLPT N3
案|あん|plan, suffix meaning draft|JLPT N3
クリーム||cream|JLPT N3
多少|たしょう|more or less, somewhat, a little|JLPT N3
性格|せいかく|character, personality|JLPT N3
新鮮|しんせん|fresh|JLPT N3
集団|しゅうだん|group, mass|JLPT N3
再び|ふたたび|again, once more, a second time|JLPT N3
マスター||proprietor, manager, barowner, master|JLPT N3
渋滞|じゅうたい|congestion (e.g. traffic), delay|JLPT N3
銀|ぎん|(1) silver, silver coin, silver paint|JLPT N3
ノー||no|JLPT N3
主張|しゅちょう|claim, request, insistence, assertion|JLPT N3
母親|ははおや|mother|JLPT N3
嵐|あらし|storm, tempest|JLPT N3
ますます||increasingly, more and more|JLPT N3
描く|えがく|to draw, to paint, to sketch|JLPT N3
空き|あき|room, time to spare, emptiness|JLPT N3
正確|せいかく|accurate, punctuality, exactness|JLPT N3
食欲|しょくよく|appetite (for food)|JLPT N3
デート||date, go on a date|JLPT N3
自慢|じまん|pride, boast|JLPT N3
得意|とくい|pride, triumph, prosperity|JLPT N3
維持|いじ|maintenance, preservation|JLPT N3
引退|いんたい|retire|JLPT N3
学習|がくしゅう|study, learning|JLPT N3
国家|こっか|state, country, nation|JLPT N3
回り|まわり|circumference, surroundings, circulation|JLPT N3
贅沢|ぜいたく|luxury, extravagance|JLPT N3
同時|どうじ|simultaneous(ly), concurrent, same time|JLPT N3
便|びん|way, means|JLPT N3
油|あぶら|oil|JLPT N3
化粧|けしょう|make-up (cosmetic)|JLPT N3
別れ|わかれ|parting, separation, farewell|JLPT N3
友|とも|friend, companion, pal|JLPT N3
波|なみ|wave|JLPT N3
予算|よさん|estimate, budget|JLPT N3
労働|ろうどう|manual labor, toil, work|JLPT N3
炎|ほのお|flame|JLPT N3
税金|ぜいきん|tax, duty|JLPT N3
守る|まもる|to protect, to obey, to guard, to abide|JLPT N3
本物|ほんもの|genuine article|JLPT N3
単位|たんい|unit, denomination, credit (in school)|JLPT N3
教授|きょうじゅ|teaching, instruction, professor|JLPT N3
結論|けつろん|conclusion|JLPT N3
金額|きんがく|amount of money|JLPT N3
症状|しょうじょう|symptoms, condition|JLPT N3
設計|せっけい|plan, design|JLPT N3
犯罪|はんざい|crime|JLPT N3
恐怖|きょうふ|be afraid, dread, dismay, terror|JLPT N3
武器|ぶき|weapon, arms, ordinance|JLPT N3
機械|きかい|machine, mechanism|JLPT N3
皿|さら|plate, dish|JLPT N3
咳|せき|cough|JLPT N3
単に|たんに|simply, merely, only, solely|JLPT N3
エンジン||engine|JLPT N3
収穫|しゅうかく|harvest, crop, ingathering|JLPT N3
同様|どうよう|identical, equal to, same (kind), like|JLPT N3
土地|とち|plot of land, lot, soil|JLPT N3
農業|のうぎょう|agriculture|JLPT N3
梅|うめ|plum, plum-tree|JLPT N3
旧|きゅう|ex-|JLPT N3
詳しい|くわしい|knowing very well, detailed|JLPT N3
順調|じゅんちょう|favourable, doing well, O.K.|JLPT N3
人物|じんぶつ|character, personality, person, man|JLPT N3
やや||a little, partially, somewhat, a short time|JLPT N3
昼食|ちゅうしょく|lunch, midday meal|JLPT N3
鉄道|てつどう|railroad|JLPT N3
手段|しゅだん|means, way, measure|JLPT N3
梅雨|つゆ|rainy season, rain during the rainy season|JLPT N3
出席|しゅっせき・する|attendance, presence, to attend|JLPT N3
癖|くせ|a habit (often a bad habit)|JLPT N3
徹夜|てつや|all night, all night vigil, sleepless night|JLPT N3
手間|てま|time, labour|JLPT N3
評判|ひょうばん|fame, reputation, popularity, arrant|JLPT N3
国会|こっかい|National Diet, parliament, congress|JLPT N3
職|しょく|employment|JLPT N3
尊敬|そんけい|respect, esteem, reverence, honour|JLPT N3
怪我|けが・する|injury (to animate object), hurt|JLPT N3
賛成|さんせい|approval, agreement, support|JLPT N3
平均|へいきん|equilibrium, balance, average, mean|JLPT N3
スイッチ||switch|JLPT N3
構成|こうせい|organization, composition|JLPT N3
劇|げき|drama, play|JLPT N3
同僚|どうりょう|coworker, colleague, associate|JLPT N3
風景|ふうけい|scenery|JLPT N3
粉|こな|flour, meal, powder|JLPT N3
唯一|ゆいいつ|only, sole, unique|JLPT N3
豪華|ごうか|wonderful, gorgeous, splendor, pomp|JLPT N3
尻|しり|buttocks, bottom|JLPT N3
分野|ぶんや|field, sphere, realm, division, branch|JLPT N3
信号|しんごう|traffic lights, signal, semaphore|JLPT N3
流れる|ながれる|to stream, to flow, to run (ink)|JLPT N3
秘密|ひみつ|secret, secrecy|JLPT N3
実に|じつに|indeed, truly, surely|JLPT N3
カー||car|JLPT N3
衛星|えいせい|satellite|JLPT N3
暮らし|くらし|living, livelihood, subsistence|JLPT N3
濃い|こい|thick (as of color, liquid)|JLPT N3
不満|ふまん|dissatisfaction, displeasure, discontent, complaints|JLPT N3
息|いき|breath, tone|JLPT N3
拡大|かくだい|magnification, enlargement|JLPT N3
歓迎|かんげい|welcome, reception|JLPT N3
棒|ぼう|pole, rod, stick|JLPT N3
軍|ぐん|army, force, troops|JLPT N3
相続|そうぞく|succession, inheritance|JLPT N3
当たる|あたる|to be hit, to be successful|JLPT N3
骨|ほね|bone|JLPT N3
費用|ひよう|cost, expense|JLPT N3
事態|じたい|situation, present state of affairs|JLPT N3
語る|かたる|to talk, to tell, to recite|JLPT N3
冷静|れいせい|calm, composure, coolness, serenity|JLPT N3
金融|きんゆう|finance, monetary circulation|JLPT N3
膝|ひざ|knee, lap|JLPT N3
ミルク||milk|JLPT N3
訓練|くんれん|practice, training|JLPT N3
手術|しゅじゅつ|surgical operation|JLPT N3
発行|はっこう|issue (publications)|JLPT N3
住民|じゅうみん|citizens, inhabitants, residents|JLPT N3
需要|じゅよう|demand, request|JLPT N3
豊か|ゆたか|abundant, wealthy, plentiful, rich|JLPT N3
起こる|おこる|to occur, to happen|JLPT N3
混乱|こんらん|disorder, chaos, confusion, mayhem|JLPT N3
親戚|しんせき|relative|JLPT N3
柄|え|handle, grip|JLPT N3
穏やか|おだやか|calm, gentle, quiet|JLPT N3
証明|しょうめい|proof, verification|JLPT N3
鉄|てつ|iron|JLPT N3
床|ゆか|floor|JLPT N3
招待|しょうたい・する|invitation, to invite|JLPT N3
立派|りっぱ|splendid, fine, handsome, elegant|JLPT N3
求める|もとめる|to seek, to request, to demand|JLPT N3
トラック||(1) truck,(2) (running) track|JLPT N3
永遠|えいえん|eternity, perpetuity, immortality|JLPT N3
解釈|かいしゃく|explanation, interpretation|JLPT N3
軒|けん|a couter for house|JLPT N3
谷|たに|valley|JLPT N3
心理|しんり|pshcyology, mental state|JLPT N3
出来事|できごと|incident, affair, happening, event|JLPT N3
予防|よぼう|prevention, precaution, protection against|JLPT N3
下り|くだり|down-train (going away from Tokyo)|JLPT N3
得る|うる|to get, to gain, to win|JLPT N3
皮|かわ|skin, hide, leather, fur|JLPT N3
巨大|きょだい|huge, gigantic, enormous|JLPT N3
苦しい|くるしい|painful, difficult|JLPT N3
混雑|こんざつ|congestion,|JLPT N3
章|しょう|(1) chapter, section,(2) medal|JLPT N3
冗談|じょうだん|jest, joke|JLPT N3
損|そん|loss, disadvantage|JLPT N3
あちこち||here and there|JLPT N3
延期|えんき|postponement, adjournment|JLPT N3
請求|せいきゅう|claim, demand, application, request|JLPT N3
単語|たんご|word, vocabulary|JLPT N3
いわゆる||the so-called, so to speak|JLPT N3
教師|きょうし|teacher (classroom)|JLPT N3
世紀|せいき|century, era|JLPT N3
特徴|とくちょう|distinctive feature, characteristic|JLPT N3
分析|ぶんせき|analysis|JLPT N3
学ぶ|まなぶ|to study (in depth), to learn, to take lessons in|JLPT N3
球|きゅう|globe, sphere, ball|JLPT N3
傾向|けいこう|tendency, trend, inclination|JLPT N3
過ごす|すごす|to pass, to spend, to go through|JLPT N3
不幸|ふこう|unhappiness, sorrow, misfortune, disaster|JLPT N3
関心|かんしん|concern, interest|JLPT N3
誰か|だれか|someone, somebody|JLPT N3
傷|きず|wound, injury, hurt, cut|JLPT N3
常識|じょうしき|common sense|JLPT N3
減る|へる|to decrease (in size or number), to diminish|JLPT N3
集まり|あつまり|gathering, meeting|JLPT N3
板|いた|board, plank|JLPT N3
宅|たく|house, home, husband|JLPT N3
寄付|きふ|contribution, donation|JLPT N3
父親|ちちおや|father|JLPT N3
おまえ||(fam) you (sing)|JLPT N3
機嫌|きげん|humour, temper, mood|JLPT N3
商売|しょうばい|trade, business, commerce, transaction|JLPT N3
段|だん|step, stair, flight of steps, grade, rank|JLPT N3
明確|めいかく|clear up, clarify, define|JLPT N3
どんなに||how, how much|JLPT N3
羽|はね|counter for birds, counter for rabbits|JLPT N3
表情|ひょうじょう|facial expression|JLPT N3
悪魔|あくま|devil, demon, evil spirit|JLPT N3
椅子|いす|chair|JLPT N3
手伝い|てつだい|help, helper, assistant|JLPT N3
場面|ばめん|scene, setting (e.g. of novel)|JLPT N3
船|ふね|ship, boat, watercraft, shipping, vessel, steamship|JLPT N3
現金|げんきん|cash, ready money, mercenary,|JLPT N3
オーバー||(1) overcoat,(2) over|JLPT N3
売れる|うれる|to be sold|JLPT N3
単なる|たんなる|mere, simple, sheer|JLPT N3
輸入|ゆにゅう・する|importation, import, introduction|JLPT N3
バッグ||bag,|JLPT N3
正式|せいしき|due form, official, formality|JLPT N3
製造|せいぞう|manufacture, production|JLPT N3
あるいは||or, possibly|JLPT N3
可|か|passable|JLPT N3
随分|ずいぶん|extremely|JLPT N3
態度|たいど|attitude, manner|JLPT N3
付ける|つける|to attach, to join, to add, to append|JLPT N3
要求|ようきゅう|request, demand, requisition|JLPT N3
予測|よそく|prediction, estimation|JLPT N3
頂く|いただく|to receive, to take food or drink|JLPT N3
演技|えんぎ|acting, performance|JLPT N3
勿論|もちろん|of course, certainly, naturally|JLPT N3
猿|さる|monkey|JLPT N3
農家|のうか|farmer, farm family|JLPT N3
加減|かげん|addition and subtraction|JLPT N3
罪|つみ|crime, fault, indiscretion|JLPT N3
郵便|ゆうびん|mail, postal service|JLPT N3
死亡|しぼう|death, mortality|JLPT N3
配達|はいたつ|delivery, distribution|JLPT N3
題|だい|title, subject, theme, topic|JLPT N3
困難|こんなん|difficulty, distress|JLPT N3
説|せつ|theory|JLPT N3
タオル||towel|JLPT N3
髪の毛|かみのけ|hair (head)|JLPT N3
徐々に|じょじょに|slowly, little by little, gradually|JLPT N3
長期|ちょうき|long time period|JLPT N3
発展|はってん|development, growth|JLPT N3
順|じゅん|order, turn|JLPT N3
神経|しんけい|nerve, sensitivity|JLPT N3
日付|ひづけ|date, dating|JLPT N3
都会|とかい|city|JLPT N3
左右|さゆう|(left and right, influence, control|JLPT N3
経つ|たつ|to pass, to lapse|JLPT N3
影|かげ|shade, shadow, other side|JLPT N3
感心|かんしん|admiration, Well done!|JLPT N3
周囲|しゅうい|surroundings, circumference|JLPT N3
宗教|しゅうきょう|religion|JLPT N3
現れ|あらわれ|embodiment, materialization|JLPT N3
管|くだ|pipe, tube|JLPT N3
物理|ぶつり|physics|JLPT N3
栄養|えいよう|nutrition, nourishment|JLPT N3
自殺|じさつ|suicide|JLPT N3
体育|たいいく|physical education, gymnastics|JLPT N3
未だ|まだ|yet, still, more, besides|JLPT N3
松|まつ| pine tree, highest (of a three-tier ranking system)|JLPT N3
取れる|とれる|to come off, to be taken off, to be removed|JLPT N3
真似|まね|mimicry, imitation, behavior, pretense|JLPT N3
優秀|ゆうしゅう|superiority, excellence|JLPT N3
畑|はたけ|field|JLPT N3
禁煙|きんえん|No Smoking!|JLPT N3
合計|ごうけい|sum total, total amount|JLPT N3
マイク||mike|JLPT N3
マーケット||market|JLPT N3
物事|ものごと|things, everything|JLPT N3
役割|やくわり|part, assigning (allotment of) parts|JLPT N3
幸福|こうふく|happiness, blessedness|JLPT N3
材料|ざいりょう|ingredients, material|JLPT N3
仲|なか|relation, relationship|JLPT N3
気候|きこう|climate|JLPT N3
航空|こうくう|aviation, flying|JLPT N3
図|ず|figure (e.g. Fig 1), drawing, picture|JLPT N3
建築|けんちく|construction, architecture|JLPT N3
知事|ちじ|prefectural governor|JLPT N3
かわいそう||poor, pitiable, pathetic|JLPT N3
氷|こおり|ice, hail|JLPT N3
意思|いし|mind, intention|JLPT N3
建設|けんせつ|construction, establishment|JLPT N3
時刻|じこく|instant, time, moment|JLPT N3
首都|しゅと|capital city|JLPT N3
抵抗|ていこう|resistance, opposition, electrical resistance|JLPT N3
王子|おうじ|prince|JLPT N3
順番|じゅんばん|turn (in line), order of things|JLPT N3
宿泊|しゅくはく|lodging|JLPT N3
ブレーキ||a brake|JLPT N3
教科書|きょうかしょ|text book|JLPT N3
残す|のこす|to leave (behind, over), to bequeath, to save|JLPT N3
保証|ほしょう|guarantee, security, assurance, pledge|JLPT N3
大抵|たいてい|usually, generally|JLPT N3
キャンプ||camp|JLPT N3
心臓|しんぞう|heart (organ)|JLPT N3
列車|れっしゃ|train (ordinary)|JLPT N3
与える|あたえる|to give, to present, to award|JLPT N3
家事|かじ|housework, domestic chores|JLPT N3
切れる|きれる|(to cut well, to be sharp|JLPT N3
天候|てんこう|weather|JLPT N3
青年|せいねん|youth, young man|JLPT N3
収入|しゅうにゅう|income, receipts, revenue|JLPT N3
職業|しょくぎょう|occupation, business|JLPT N3
女優|じょゆう|actress|JLPT N3
株|かぶ|share, stock, stump (of tree)|JLPT N3
喧嘩|けんか|quarrel,(drunken) brawl, failure|JLPT N3
恋人|こいびと|lover, sweetheart|JLPT N3
底|そこ|bottom, sole|JLPT N3
適用|てきよう|applying|JLPT N3
哲学|てつがく|philosophy|JLPT N3
才能|さいのう|talent, ability|JLPT N3
大した|たいした|considerable, great, important|JLPT N3
後者|こうしゃ|the latter|JLPT N3
呼吸|こきゅう|breath, respiration|JLPT N3
毒|どく|poison, toxicant|JLPT N3
幅|はば|width, breadth|JLPT N3
見舞い|みまい|enquiry, expression of sympathy|JLPT N3
又|また|again, and|JLPT N3
誤解|ごかい|misunderstanding|JLPT N3
競技|きょうぎ|game, match, contest|JLPT N3
権利|けんり|right, privilege|JLPT N3
たまらない||intolerable, unbearable, unendurable|JLPT N3
夢中|むちゅう|daze,(in a) trance, ecstasy, delirium|JLPT N3
グラス||(1) glass,(2) grass|JLPT N3
愛情|あいじょう|love, affection|JLPT N3
節|ふし|tune, tone, knot, knob, point|JLPT N3
がっかり||feel disappointed, be rejected|JLPT N3
休暇|きゅうか|holiday, day off, furlough|JLPT N3
差別|さべつ|discrimination, distinction|JLPT N3
資本|しほん|funds, capital|JLPT N3
縦|たて|length, height|JLPT N3
思想|しそう|thought, idea|JLPT N3
貢献|こうけん|contribution, services|JLPT N3
田|た|rice field|JLPT N3
党|とう|party (political)|JLPT N3
芝居|しばい|play, drama|JLPT N3
主婦|しゅふ|housewife,|JLPT N3
老人|ろうじん|the aged, old person|JLPT N3
そっくり||all, altogether, entirely, be just like|JLPT N3
含む|ふくむ|to hold in the mouth, to bear in mind|JLPT N3
効く|きく|to be effective|JLPT N3
盛り|さかり|the highest, the peak|JLPT N3
動かす|うごかす|to move, to shift|JLPT N3
光景|こうけい|scene, spectacle|JLPT N3
生命|せいめい|life, existence|JLPT N3
ぴったり||exactly, neatly, sharp|JLPT N3
気付く|きづく|to notice, to recognize,|JLPT N3
義務|ぎむ|duty, obligation, responsibility|JLPT N3
共同|きょうどう|cooperation, association, collaboration|JLPT N3
設備|せつび|equipment, device, facilities|JLPT N3
観察|かんさつ|observation, survey|JLPT N3
流す|ながす|to drain, to float, to shed (blood, tears)|JLPT N3
人工|じんこう|artificial, manmade, human work|JLPT N3
ヨーロッパ||Europe|JLPT N3
流行|りゅうこう|fashionable, fad, in vogue|JLPT N3
詩|し|poem, verse of poetry|JLPT N3
最中|さいちゅう|in the middle of|JLPT N3
作曲|さっきょく|composition, setting (of music)|JLPT N3
共に|ともに|sharing with, participate in|JLPT N3
野|の|field|JLPT N3
偉大|いだい|greatness|JLPT N3
違反|いはん|violation (of law), transgression|JLPT N3
裁判|さいばん|trial, judgement|JLPT N3
すてき||lovely, dreamy, beautiful, great|JLPT N3
伝統|でんとう|tradition, convention|JLPT N3
あらゆる||all, every|JLPT N3
学者|がくしゃ|scholar|JLPT N3
俳優|はいゆう|actor, actress, player, performer|JLPT N3
豊富|ほうふ|abundance, wealth, plenty, bounty|JLPT N3
節約|せつやく|economising, saving|JLPT N3
次々|つぎつぎ|in succession, one by one|JLPT N3
植物|しょくぶつ|plant, vegetation|JLPT N3
願う|ねがう|to desire, to wish, to request|JLPT N3
宿|やど|inn, lodging|JLPT N3
一致|いっち|coincidence, agreement|JLPT N3
患者|かんじゃ|a patient|JLPT N3
信じる|しんじる|to believe, to place trust in|JLPT N3
独立|どくりつ|independence (e.g. Ind. Day), self-support|JLPT N3
余り|あまり|not very (used as adverb)|JLPT N3
根|ね|root|JLPT N3
スタンド||stand|JLPT N3
増加|ぞうか|increase, addition|JLPT N3
似合う|にあう|to suit, to match, to become, to be like|JLPT N3
クラシック||classic(s)|JLPT N3
論文|ろんぶん|thesis, essay, treatise, paper|JLPT N3
服装|ふくそう|dress, clothes|JLPT N3
成績|せいせき|results, record|JLPT N3
生物|せいぶつ|raw food|JLPT N3
重視|じゅうし|importance, stress, serious consideration|JLPT N3
独特|どくとく|peculiarity, uniqueness, characteristic|JLPT N3
限る|かぎる|to restrict, to limit, to confine|JLPT N3
滞在|たいざい|stay, sojourn|JLPT N3
途端|とたん|just (now, at the moment, etc.)|JLPT N3
愛する|あいする|to love|JLPT N3
握手|あくしゅ|handshake|JLPT N3
食料|しょくりょう|food|JLPT N3
代理|だいり|representation, agency, proxy, deputy|JLPT N3
博士|はかせ|doctorate, PhD|JLPT N3
生地|きじ|birthplace|JLPT N3
供給|きょうきゅう|supply, provision|JLPT N3
徹底|てってい|thoroughness, completeness|JLPT N3
犯人|はんにん|offender, criminal|JLPT N3
異なる|ことなる|to differ, to vary, to disagree|JLPT N3
味方|みかた|friend, ally, supporter|JLPT N3
グランド||gland, grand,(electrical) ground|JLPT N3
トン||ton|JLPT N3
霧|きり|fog, mist|JLPT N3
景気|けいき|business climate, condition, state|JLPT N3
宝|たから|treasure|JLPT N3
はあ||Yes, Uh-huh, I see,|JLPT N3
ベンチ||bench|JLPT N3
あいにく||unfortunately|JLPT N3
吸収|きゅうしゅう|absorption, suction, attraction|JLPT N3
考慮|こうりょ|consideration, taking into account|JLPT N3
舌|した|tongue|JLPT N3
たとえ||simile, metaphor, allegory|JLPT N3
冒険|ぼうけん|risk, venture, adventure|JLPT N3
スキー||skiing|JLPT N3
ドレス||dress|JLPT N3
銃|じゅう|gun|JLPT N3
進める|すすめる|to advance, to promote, to hasten|JLPT N3
半ば|なかば|middle, half, semi, halfway, partly|JLPT N3
裸|はだか|naked, nude|JLPT N3
広がる|ひろがる|to spread (out), to extend, to stretch|JLPT N3
トンネル||tunnel|JLPT N3
大半|たいはん|majority, mostly, generally|JLPT N3
正|せい|(logical) true, regular|JLPT N3
辞める|やめる|to retire|JLPT N3
火曜|かよう|(abbr) Tuesday|JLPT N3
身長|しんちょう|height (of body), stature|JLPT N3
貯金|ちょきん|(bank) savings|JLPT N3
天然|てんねん|nature, spontaneity|JLPT N3
区別|くべつ|distinction, differentiation|JLPT N3
これら||these|JLPT N3
不可|ふか|wrong, bad, improper, unjustifiable, inadvisable|JLPT N3
屋根|やね|roof|JLPT N3
合わせる|あわせる|to join together, to unite|JLPT N3
博物館|はくぶつかん|museum|JLPT N3
表面|ひょうめん|surface, outside, face, appearance|JLPT N3
知恵|ちえ|wisdom, intelligence, advice|JLPT N3
化学|かがく|chemistry|JLPT N3
戦う|たたかう|to fight, to battle, to combat|JLPT N3
登山|とざん|mountain-climbing|JLPT N3
虎|とら|tiger|JLPT N3
観客|かんきゃく|audience, spectator(s)|JLPT N3
消防|しょうぼう|fire fighting, fire department|JLPT N3
成人|せいじん|adult|JLPT N3
バン||bun, van (caravan), VAN (value-added network)|JLPT N3
否|いや|no, the nose|JLPT N3
支配|しはい|rule, control, direction|JLPT N3
瓶|びん|bottle|JLPT N3
歩道|ほどう|footpath, walkway, sidewalk|JLPT N3
生き物|いきもの|living thing, animal|JLPT N3
借金|しゃっきん|debt, loan, liabilities|JLPT N3
議会|ぎかい|congress, parliament|JLPT N3
組合|くみあい|association, union|JLPT N3
支度|したく・する|preparation, to prepare|JLPT N3
そっと||face of the earth|JLPT N3
深刻|しんこく|serious|JLPT N3
翼|つばさ|wings|JLPT N3
医師|いし|doctor, physician|JLPT N3
抜く|ぬく|to extract, to omit, to surpass, to draw out|JLPT N3
資源|しげん|resources|JLPT N3
ところが||however, while, even if|JLPT N3
引用|いんよう|quotation, citation|JLPT N3
州|しゅう|a state, province, county|JLPT N3
進歩|しんぽ|progress, development|JLPT N3
遂に|ついに|finally, at last|JLPT N3
わざと||on purpose|JLPT N3
いたずら||tease, prank, trick|JLPT N3
通じる|つうじる|to run to, to lead to, to communicate|JLPT N3
脇|わき|side|JLPT N3
丘|おか|hill, height, knoll, rising ground|JLPT N3
支給|しきゅう|payment, allowance|JLPT N3
知らせ|しらせ|notice|JLPT N3
曜日|ようび|day of the week|JLPT N3
インク||ink|JLPT N3
意志|いし|will, volition|JLPT N3
至る|いたる|to come, to arrive|JLPT N3
装置|そうち|equipment, installation, apparatus|JLPT N3
布|ぬの|cloth|JLPT N3
ダイヤ||diagram, (railway) schedule, diamond|JLPT N3
座席|ざせき|seat|JLPT N3
もしも||if|JLPT N3
有利|ゆうり|advantageous, better, profitable, lucrative|JLPT N3
姉妹|しまい|sisters|JLPT N3
泉|いずみ|spring, fountain|JLPT N3
沖|おき|open sea|JLPT N3
命令|めいれい|order, command, decree, directive|JLPT N3
拍手|はくしゅ|clapping hands, applause|JLPT N3
家賃|やちん|rent|JLPT N3
故郷|こきょう|home town, birthplace, old village|JLPT N3
診察|しんさつ|medical examination|JLPT N3
毛布|もうふ|blanket|JLPT N3
承認|しょうにん|recognition, acknowledgement|JLPT N3
問い|とい|question, query|JLPT N3
基|もと|basis|JLPT N3
適切|てきせつ|pertinent, appropriate, adequate, relevance|JLPT N3
独身|どくしん|bachelorhood, single, unmarried|JLPT N3
夕べ|ゆうべ|evening|JLPT N3
失う|うしなう|to lose, to part with|JLPT N3
王様|おうさま|king|JLPT N3
菓子|かし|pastry|JLPT N3
強力|きょうりょく|herculean strength|JLPT N3
苦痛|くつう|pain, agony|JLPT N3
刑事|けいじ|a police detective|JLPT N3
勤め|つとめ|(service, business, job Buddhist religious services|JLPT N3
係|かかり|official, duty, person in charge|JLPT N3
飛行|ひこう|aviation|JLPT N3
科目|かもく|(school) subject, curriculum|JLPT N3
端|はし|end (e.g. of street), edge, tip, margin|JLPT N3
要するに|ようするに|in a word, after all, the point is ..|JLPT N3
煙|けむり|smoke, fumes|JLPT N3
前者|ぜんしゃ|the former|JLPT N3
許す|ゆるす|to permit, to allow, to approve, to forgive|JLPT N3
扱う|あつかう|to handle, to deal with, to treat|JLPT N3
騒ぎ|さわぎ|uproar, disturbance|JLPT N3
コーチ||coach|JLPT N3
著者|ちょしゃ|author, writer|JLPT N3
望む|のぞむ|to desire, to wish for, to see|JLPT N3
財産|ざいさん|property, fortune, assets|JLPT N3
伸びる|のびる|to stretch, to extend, to make progress|JLPT N3
迷子|まいご|lost (stray) child|JLPT N3
回す|まわす|to turn, to revolve|JLPT N3
祝い|いわい|celebration, festival|JLPT N3
抜ける|ぬける|to come out, to fall out, to be omitted|JLPT N3
除く|のぞく|to remove, to exclude, to except|JLPT N3
輸出|ゆしゅつ・する|export, to export|JLPT N3
急激|きゅうげき|sudden, precipitous, radical|JLPT N3
前進|ぜんしん|advance, drive, progress|JLPT N3
大陸|たいりく|continent|JLPT N3
文明|ぶんめい|civilization, culture|JLPT N3
誇り|ほこり|pride|JLPT N3
戻す|もどす|to restore, to put back, to return|JLPT N3
キャプテン||captain|JLPT N3
大統領|だいとうりょう|president, chief executive|JLPT N3
逮捕|たいほ|arrest, apprehension, capture|JLPT N3
針|はり|needle, hand (e.g. clock)|JLPT N3
近代|きんだい|modern ages|JLPT N3
繰り返す|くりかえす|to repeat|JLPT N3
認める|みとめる|to recognize, to appreciate, to approve|JLPT N3
家具|かぐ|furniture|JLPT N3
奇妙|きみょう|strange, queer, curious|JLPT N3
通行|つうこう|passage, passing|JLPT N3
見送り|みおくり|seeing one off, farewell, escort|JLPT N3
慎重|しんちょう|discretion, prudence|JLPT N3
適度|てきど|moderate|JLPT N3
ライター||lighter, rider, writer|JLPT N3
日光|にっこう|sunlight|JLPT N3
下さる|くださる|(hon) to give, to confer|JLPT N3
夜明け|よあけ|dawn, daybreak|JLPT N3
刀|かたな|sword, saber, knife|JLPT N3
兎|うさぎ|rabbit, hare|JLPT N3
ぐっすり||sound asleep, fast asleep|JLPT N3
避ける|さける|(to avoid (physical contact)|JLPT N3
退屈|たいくつ|tedium, boredom|JLPT N3
独り|ひとり|alone,|JLPT N3
留学|りゅうがく|studying abroad|JLPT N3
僅か|わずか|only, merely, a little, small quantity|JLPT N3
ロケット||locket, rocket|JLPT N3
歌手|かしゅ|singer|JLPT N3
殺す|ころす|to kill|JLPT N3
承知|しょうち・する|consent, acceptance, assent|JLPT N3
離婚|りこん|divorce|JLPT N3
餌|えさ|feed, bait|JLPT N3
体温|たいおん|temperature (body)|JLPT N3
灯|ひ|light|JLPT N3
諦める|あきらめる|to give up, to abandon|JLPT N3
大いに|おおいに|very, much, greatly|JLPT N3
覚める|さめる|to wake, to wake up|JLPT N3
親友|しんゆう|close friend, buddy|JLPT N3
連想|れんそう|association (of ideas), suggestion|JLPT N3
課|か|counter for chapters|JLPT N3
おしゃべり||chattering, talk, idle talk|JLPT N3
じっと||fixedly, firmly, patiently, quietly|JLPT N3
演説|えんぜつ|speech, address|JLPT N3
触れる|ふれる|to touch, to be touched, to feel|JLPT N3
ベルト||Belt for western clothes|JLPT N3
現れる|あらわれる|(to appear, to come in sight|JLPT N3
金属|きんぞく|metal|JLPT N3
札|さつ|token, label, ticket, charm|JLPT N3
重大|じゅうだい|serious, important, grave, weighty|JLPT N3
墓|はか|grave, tomb|JLPT N3
双子|ふたご|twins, a twin|JLPT N3
ぼんやり||absent-minded, block-head, dim, faint, vague|JLPT N3
印|しるし|(1) mark,(2) symbol,(3) evidence|JLPT N3
ボーイ||boy|JLPT N3
画家|がか|painter, artist|JLPT N3
酸素|さんそ|oxygen|JLPT N3
出会う|であう|to meet by chance, to come across|JLPT N3
燃える|もえる|to burn|JLPT N3
パスポート||passport|JLPT N3
絵画|かいが|picture, paintings|JLPT N3
掛かる|かかる|to take (e.g. time, money, etc)|JLPT N3
塔|とう|tower, pagoda|JLPT N3
真っ赤|まっか|deep red, flushed (of face)|JLPT N3
支店|してん|branch store (office)|JLPT N3
叩く|たたく|to strike, to clap, to dust, to beat|JLPT N3
警告|けいこく|warning, advice|JLPT N3
減らす|へらす|to abate, to decrease, to diminish|JLPT N3
仏|ほとけ|Buddha, merciful person, Buddhist image|JLPT N3
学期|がっき|term (school)|JLPT N3
革|かわ|leather|JLPT N3
示す|しめす|to denote, to show, to point out|JLPT N3
代金|だいきん|price, payment, cost, charge|JLPT N3
極|きょく|a pole|JLPT N3
通学|つうがく|commuting to school|JLPT N3
貰う|もらう|to receive|JLPT N3
大家|おおや|rich family, distinguished family|JLPT N3
試す|ためす|to attempt, to test|JLPT N3
紐|ひも|(1) string, cord,(2) pimp|JLPT N3
礼|れい|expression of gratitude|JLPT N3
巣|す|nest, rookery, breeding place, beehive|JLPT N3
上京|じょうきょう|proceeding to the capital (Tokyo)|JLPT N3
世話|せわ・する|looking after, help, aid, assistance|JLPT N3
スピーチ||speech|JLPT N3
骨折|こっせつ|bone fracture|JLPT N3
外す|はずす|to unfasten, to remove|JLPT N3
一家|いっか|a house, a home, a family|JLPT N3
国語|こくご|national language|JLPT N3
テント||tent|JLPT N3
会合|かいごう|meeting, assembly|JLPT N3
強調|きょうちょう|emphasis, stress, stressed point|JLPT N3
発車|はっしゃ|departure of a vehicle|JLPT N3
批評|ひひょう|criticism, review, commentary|JLPT N3
先ず|まず|first (of all), to start with, about, almost|JLPT N3
一種|いっしゅ|a species, a kind, a variety|JLPT N3
憲法|けんぽう|constitution|JLPT N3
なぜなら||because|JLPT N3
発明|はつめい|invention|JLPT N3
悲劇|ひげき|tragedy|JLPT N3
幕|まく|curtain, bunting, act (in play)|JLPT N3
一層|いっそう|much more, still more, all the more|JLPT N3
稼ぐ|かせぐ|to earn income, to labor|JLPT N3
大戦|たいせん|great war, great battle|JLPT N3
望み|のぞみ|wish, desire,(a) hope|JLPT N3
防ぐ|ふせぐ|to defend (against), to protect, to prevent|JLPT N3
アイスクリーム||ice cream|JLPT N3
火災|かさい|conflagration, fire|JLPT N3
記入|きにゅう|entry, filling in of forms|JLPT N3
叫ぶ|さけぶ|to shout, to cry|JLPT N3
上達|じょうたつ|improvement, advance, progress|JLPT N3
平等|びょうどう|equality (a), impartiality, evenness|JLPT N3
笛|ふえ|flute, pipe|JLPT N3
悪口|わるくち|abuse, insult, slander, evil speaking|JLPT N3
ウイスキー||whisky|JLPT N3
旗|はた|flag|JLPT N3
隠す|かくす|to hide, to conceal|JLPT N3
小屋|こや|hut, cabin, shed,(animal) pen|JLPT N3
欠点|けってん|faults, defect, weakness|JLPT N3
地位|ちい|(social) position, status|JLPT N3
ちょうだい||please do for me (preceded by -te)|JLPT N3
泥|どろ|mud|JLPT N3
筆|ふで|writing brush|JLPT N3
厄介|やっかい|trouble, burden, care, bother|JLPT N3
正午|しょうご|noon, mid-day|JLPT N3
石油|せきゆ|oil, petroleum, kerosene|JLPT N3
善|ぜん|good, goodness, right, virtue|JLPT N3
勘|かん|perception, intuition|JLPT N3
助手|じょしゅ|helper, helpmeet, assistant, tutor|JLPT N3
推薦|すいせん|recommendation|JLPT N3
損害|そんがい|damage, injury, loss|JLPT N3
能|のう|ability, talent, a Noh play|JLPT N3
吐く|はく|to breathe out, to vomit|JLPT N3
疑う|うたがう|to doubt, to distrust|JLPT N3
外交|がいこう|diplomacy|JLPT N3
気の毒|きのどく|pitiful, a pity|JLPT N3
主要|しゅよう|chief, main, principal, major|JLPT N3
芽|め|sprout|JLPT N3
やがて||before long, soon, at length|JLPT N3
アイロン||(electric) iron|JLPT N3
ラケット||racket, paddle,|JLPT N3
必ずしも|かならずしも|(not) always, (not) necessarily|JLPT N3
援助|えんじょ|assistance, aid, support|JLPT N3
救助|きゅうじょ|relief, aid, rescue|JLPT N3
眺める|ながめる|to view, to gaze at|JLPT N3
受け取る|うけとる|to receive, to get, to accept|JLPT N3
署名|しょめい|signature|JLPT N3
離れる|はなれる|to be separated from, to leave, to go away|JLPT N3
スケート||skate(s), skating|JLPT N3
典型|てんけい|type, pattern, archetypal|JLPT N3
熱心|ねっしん|zeal, enthusiasm|JLPT N3
跡|あと|(1) trace, tracks, mark, sign|JLPT N3
幾つ|いくつ|how many?, how old?|JLPT N3
賢い|かしこい|wise, clever, smart|JLPT N3
越える|こえる|to exceed, to cross over, to cross|JLPT N3
失業|しつぎょう|unemployment|JLPT N3
女王|じょおう|queen|JLPT N3
表す|あらわす|to express, to show, to reveal|JLPT N3
倒す|たおす|to throw down, to beat, to bring down|JLPT N3
飛ばす|とばす|to skip over, to omit|JLPT N3
酔う|よう|to get drunk, to become intoxicated|JLPT N3
学問|がくもん|scholarship, study, learning|JLPT N3
幸運|こううん|good luck, fortune|JLPT N3
年中|ねんじゅう|whole year, always, everyday|JLPT N3
金銭|きんせん|money, cash|JLPT N3
見解|けんかい|opinion, point of view|JLPT N3
人種|じんしゅ|race (of people)|JLPT N3
育つ|そだつ|to raise (child), to be brought up|JLPT N3
伸ばす|のばす|to lengthen, to stretch, to reach out|JLPT N3
礼儀|れいぎ|manners, courtesy, etiquette|JLPT N3
居眠り|いねむり|dozing, nodding off|JLPT N3
岩|いわ|rock, crag|JLPT N3
追う|おう|to chase, to run after|JLPT N3
およそ||about, roughly, as a rule|JLPT N3
灰|はい|ash|JLPT N3
ジーンズ||jeans|JLPT N3
幼い|おさない|very young, childish|JLPT N3
欠席|けっせき|absence, non-attendance|JLPT N3
断る|ことわる|to refuse, to decline, to dismiss|JLPT N3
誘う|さそう|(to invite, to ask, to tempt|JLPT N3
信仰|しんこう|(religious) faith, belief, creed|JLPT N3
ソファー||sofa, couch|JLPT N3
輝く|かがやく|to shine, to glitter, to sparkle|JLPT N3
食物|しょくもつ|food, foodstuff|JLPT N3
不自由|ふじゆう|discomfort, disability, inconvenience|JLPT N3
しばしば||often, again and again, frequently|JLPT N3
しゃべる||to talk, to chat, to chatter|JLPT N3
虫歯|むしば|cavity, tooth decay, decayed tooth, caries|JLPT N3
稲|いね|rice-plant|JLPT N3
活気|かっき|energy, liveliness|JLPT N3
組む|くむ|to put together|JLPT N3
暮れ|くれ|year end, sunset, nightfall|JLPT N3
不正|ふせい|injustice, unfairness|JLPT N3
終える|おえる|to finish|JLPT N3
陰|かげ|shade, shadow, other side|JLPT N3
暮らす|くらす|to live, to get along|JLPT N3
水準|すいじゅん|(level, standard, water level|JLPT N3
近頃|ちかごろ|lately, recently, nowadays|JLPT N3
通す|とおす|to let pass, to overlook, to continue|JLPT N3
友情|ゆうじょう|friendship, fellowship|JLPT N3
誤り|あやまり|error|JLPT N3
泡|あわ|bubble, foam, froth|JLPT N3
発達|はったつ|development, growth|JLPT N3
飽きる|あきる|to get tired of, to have enough|JLPT N3
句|く|sentence|JLPT N3
敬意|けいい|respect, honour|JLPT N3
強盗|ごうとう|robbery, burglary|JLPT N3
公平|こうへい|fairness, impartial, justice|JLPT N3
食卓|しょくたく|dining table|JLPT N3
助ける|たすける|to help, to save, to rescue|JLPT N3
成る|なる|to become|JLPT N3
埃|ほこり|dust|JLPT N3
硬い|かたい|solid, hard (esp. metal, stone)|JLPT N3
支払|しはらい|payment|JLPT N3
増す|ます|to increase, to grow|JLPT N3
横断|おうだん|crossing|JLPT N3
克服|こくふく|subjugation, conquest|JLPT N3
衝突|しょうとつ|collision, conflict|JLPT N3
食糧|しょくりょう|provisions, rations|JLPT N3
当てる|あてる|to hit, to apply a patch|JLPT N3
高価|こうか|high price|JLPT N3
乗客|じょうきゃく|passenger|JLPT N3
図書|としょ|books|JLPT N3
ばったり||with a clash (thud), with a bang, plump|JLPT N3
器用|きよう|skillful, handy|JLPT N3
すなわち||that is, namely, i.e.|JLPT N3
象|ぞう|elephant|JLPT N3
袖|そで|sleeve|JLPT N3
唯|ただ|mere, sole, only|JLPT N3
破産|はさん|(personal) bankruptcy|JLPT N3
振る|ふる| to wave, to shake, to swing, to sprinkle|JLPT N3
容易|ようい|easy, simple, plain|JLPT N3
わがまま||selfishness, wilfulness, whim|JLPT N3
明かり|あかり|lamplight|JLPT N3
温暖|おんだん|warmth|JLPT N3
掲示|けいじ|notice, bulletin|JLPT N3
去る|さる|to leave, to go away|JLPT N3
頬|ほお|cheek (of face)|JLPT N3
愉快|ゆかい|pleasant, happy|JLPT N3
陸|りく|(the) land|JLPT N3
今にも|いまにも|at any time, soon|JLPT N3
老い|おい|old age, old person, the old|JLPT N3
泳ぎ|およぎ|swimming|JLPT N3
束|たば|handbreadth, bundle|JLPT N3
綿|めん|cotton, padding|JLPT N3
勘定|かんじょう|calculation, counting, consideration|JLPT N3
曇|くもり|cloudiness, cloudy weather|JLPT N3
務め|つとめ|service, duty|JLPT N3
解く|とく|to unfasten, to solve|JLPT N3
反抗|はんこう|opposition, resistance|JLPT N3
不利|ふり|disadvantage, handicap, unfavorable, drawback|JLPT N3
丸い|まるい|round, circular, spherical|JLPT N3
分ける|わける|to divide, to separate|JLPT N3
いらいら||getting nervous, irritation|JLPT N3
語学|ごがく|language study|JLPT N3
支える|ささえる|to support, to hold, maintain|JLPT N3
ざっと||roughly, in round numbers|JLPT N3
進学|しんがく|going on to a higher level school,|JLPT N3
頼る|たよる|to rely on, to have recourse to|JLPT N3
パーセント||percent|JLPT N3
苦しむ|くるしむ|to suffer, to be worried|JLPT N3
用心|ようじん|care, precaution, guarding, caution|JLPT N3
詩人|しじん|poet|JLPT N3
救う|すくう|to rescue from, to help out of|JLPT N3
履く|はく|to wear, to put on (lower body)|JLPT N3
パイプ||(1) pipe, tube, channels, official or otherwise|JLPT N3
訴える|うったえる|to sue (a person), to resort to|JLPT N3
贈る|おくる|to send, to give to, to award to|JLPT N3
被る|かぶる|to put on, wear|JLPT N3
河|かわ|river, stream|JLPT N3
急速|きゅうそく|rapid (e.g. progress)|JLPT N3
境|さかい|border, boundary, mental state|JLPT N3
真っ直ぐ|まっすぐ|straight (ahead), direct, upright|JLPT N3
名人|めいじん|master, expert|JLPT N3
余分|よぶん|extra, excess, surplus|JLPT N3
パイロット||pilot|JLPT N3
暗記|あんき|memorization, learning by heart|JLPT N3
害|がい|injury, harm, evil influence|JLPT N3
砂漠|さばく|desert|JLPT N3
引っ張る|ひっぱる|(1) to pull, to draw, to stretch, to drag|JLPT N3
浴びる|あびる|to bathe, to bask in the sun|JLPT N3
加える|くわえる|to append, to sum up|JLPT N3
鋭い|するどい|pointed, sharp|JLPT N3
張る|はる|to stick, to paste|JLPT N3
ボート||rowing boat|JLPT N3
審判|しんぱん|refereeing, trial, judgement, umpire|JLPT N3
立ち上がる|たちあがる|to stand up|JLPT N3
寧ろ|むしろ|rather, better, instead|JLPT N3
バイオリン||violin|JLPT N3
芝生|しばふ|lawn|JLPT N3
注|ちゅう|annotation, explanatory note|JLPT N3
頂上|ちょうじょう|top, summit, peak|JLPT N3
震える|ふるえる|to shiver, to shake, to quake|JLPT N3
向ける|むける|to turn towards, to point|JLPT N3
移す|うつす|to remove, to transfer, to infect|JLPT N3
恩|おん|favour, obligation|JLPT N3
生じる|しょうじる|to produce, to yield, to result from|JLPT N3
尊重|そんちょう|respect, esteem, regard|JLPT N3
有能|ゆうのう|able, capable, efficient, skill|JLPT N3
数える|かぞえる|to count|JLPT N3
任せる|まかせる|to entrust to another, to leave to|JLPT N3
コンピューター||computer|JLPT N3
飼う|かう|to keep, to raise, to feed|JLPT N3
作法|さほう|manners, etiquette, propriety|JLPT N3
商人|しょうにん|trader, shopkeeper, merchant|JLPT N3
騒音|そうおん|noise|JLPT N3
婦人|ふじん|woman, female|JLPT N3
絶滅|ぜつめつ|destruction, extinction|JLPT N3
直ちに|ただちに|at once, immediately, directly|JLPT N3
繋ぐ|つなぐ|to tie, to fasten, to connect|JLPT N3
伺う|うかがう|to visit, to ask, to inquire|JLPT N3
籠|かご|basket, cage|JLPT N3
岸|きし|bank, coast, shore|JLPT N3
議長|ぎちょう|chairman|JLPT N3
交際|こうさい|company, friendship, association|JLPT N3
指す|さす|to point, to play|JLPT N3
支出|ししゅつ|expenditure, expenses|JLPT N3
支払う|しはらう|to pay|JLPT N3
招く|まねく|to invite|JLPT N3
割る|わる|to divide, to cut, to break, to halve|JLPT N3
狂う|くるう|to go mad, to get out of order|JLPT N3
宜しい|よろしい|(hon) good, OK, all right, fine, very well|JLPT N3
親しい|したしい|intimate, close (e.g. friend)|JLPT N3
失望|しつぼう|disappointment, despair|JLPT N3
閉じる|とじる|to close (e.g. book, eyes), to shut|JLPT N3
結ぶ|むすぶ|to tie, to bind, to link|JLPT N3
抱える|かかえる|to hold or carry under or in the arms|JLPT N3
欠陥|けっかん|defect, fault, deficiency|JLPT N3
決心|けっしん|determination, resolution|JLPT N3
従う|したがう|to abide (by the rules), to obey|JLPT N3
褒める|ほめる|to praise, to admire, to speak well|JLPT N3
軍隊|ぐんたい|army, troops|JLPT N3
専攻|せんこう|major subject, special study|JLPT N3
道徳|どうとく|morals|JLPT N3
乗せる|のせる|to take on board, to give a ride|JLPT N3
譲る|ゆずる|to turn over, to assign, to hand over|JLPT N3
湾|わん|bay, gulf, inlet|JLPT N3
ピクニック||picnic|JLPT N3
奪う|うばう|to snatch away|JLPT N3
彼等|かれら|they (usually male)|JLPT N3
見当|けんとう|be found, aim, estimate, guess|JLPT N3
小麦|こむぎ|wheat|JLPT N3
等しい|ひとしい|equal|JLPT N3
基づく|もとづく|to be grounded on, to be based on|JLPT N3
沈む|しずむ|to sink, to feel depressed|JLPT N3
はさみ||scissors|JLPT N3
トランプ||playing cards (lit: trump)|JLPT N3
欠ける|かける|to be lacking|JLPT N3
責める|せめる|to condemn, to blame, to criticize|JLPT N3
同一|どういつ|identity, sameness, similarity|JLPT N3
幾ら|いくら|how much?,|JLPT N3
捕まる|つかまる|to be caught, to be arrested|JLPT N3
濡れる|ぬれる|to get wet|JLPT N3
ユーモア||humor|JLPT N3
祝う|いわう|to congratulate, to celebrate|JLPT N3
清潔|せいけつ|clean|JLPT N3
通り過ぎる|とおりすぎる|to pass, to pass through|JLPT N3
向く|むく|to face|JLPT N3
抱く|いだく|(sl) to embrace, to hug, to harbour|JLPT N3
国境|こっきょう|national or state border|JLPT N3
上等|じょうとう|superiority, first class, very good|JLPT N3
大気|たいき|the air, atmosphere|JLPT N3
離す|はなす|to part, divide, separate|JLPT N3
嫌う|きらう|to hate, to dislike, to loathe|JLPT N3
直に|じかに|immediately, readily, directly|JLPT N3
備える|そなえる|to furnish, to provide for, to equip|JLPT N3
粗末|そまつ|crude, rough, plain, humble|JLPT N3
知能|ちのう|intelligence, brains|JLPT N3
握る|にぎる|to grasp, to hold a (thing) in one's hand|JLPT N3
予期|よき|expectation, assume will happen, forecast|JLPT N3
及ぼす|およぼす|to exert, to cause, to exercise|JLPT N3
大使|たいし|ambassador|JLPT N3
取り上げる|とりあげる|to take up, to pick up, to disqualify|JLPT N3
何でも|なんでも|by all means, everything|JLPT N3
莫大|ばくだい|enormous, vast|JLPT N3
ノック||(1) knock, fungo (baseball)|JLPT N3
恐れる|おそれる|to fear, to be afraid of|JLPT N3
黒板|こくばん|blackboard|JLPT N3
互い|たがい|mutual, reciprocal|JLPT N3
確かめる|たしかめる|to ascertain, confirm|JLPT N3
手品|てじな|sleight of hand, conjuring trick, magic|JLPT N3
従兄弟|いとこ|cousin (male)|JLPT N3
かわいらしい||lovely, sweet|JLPT N3
霜|しも|frost|JLPT N3
飛び出す|とびだす|to jump out, to rush out, to fly out|JLPT N3
述べる|のべる|to state, to express, to mention|JLPT N3
宝石|ほうせき|gem, jewel|JLPT N3
ハンサム||handsome|JLPT N3
劣る|おとる|to fall behind, to be inferior to|JLPT N3
叱る|しかる|to scold|JLPT N3
占める|しめる|(to comprise, to account for|JLPT N3
達する|たっする|to reach, to get to|JLPT N3
年月|としつき(ねんげつ）|months and years|JLPT N3
物価|ぶっか|prices of commodities, prices (in general)|JLPT N3
ペンキ||(n) paint (nl: pek)|JLPT N3
居間|いま|living room (western style)|JLPT N3
包み|つつみ|bundle, package, parcel, bale|JLPT N3
ですから||therefore|JLPT N3
熱帯|ねったい|tropics|JLPT N3
昇る|のぼる|to arise, to ascend, to go up|JLPT N3
隠れる|かくれる|to hide, to be hidden, to disappear|JLPT N3
作物|さくもつ|produce (agricultural), crops|JLPT N3
注ぐ|そそぐ|to pour (into), to irrigate, to pay|JLPT N3
或|ある|a certain..., some...|JLPT N3
裏切る|うらぎる|to betray, to turn traitor to|JLPT N3
囲む|かこむ|to surround, to encircle|JLPT N3
鎖|くさり|chain|JLPT N3
腐る|くさる|to rot, to go bad|JLPT N3
好む|このむ|to like, to prefer|JLPT N3
書物|しょもつ|books|JLPT N3
便り|たより|news, tidings, information, correspondence|JLPT N3
掴む|つかむ|to seize, to catch, to grasp|JLPT N3
にっこり||smile sweetly, smile, grin|JLPT N3
申し込む|もうしこむ|to apply for, to make an application|JLPT N3
ヨット||yacht|JLPT N3
撃つ|うつ|to attack, to defeat, to destroy|JLPT N3
下す|おろす|to lower, to let go down|JLPT N3
加わる|くわわる|to join in, to accede to|JLPT N3
転ぶ|ころぶ|to fall down, to fall over|JLPT N3
たびたび||often, repeatedly, frequently|JLPT N3
塀|へい|wall, fence|JLPT N3
雇う|やとう|to employ, to hire|JLPT N3
ハイキング||hiking|JLPT N3
明ける|あける|to dawn, to become daylight|JLPT N3
穀物|こくもつ|grain, cereal, corn|JLPT N3
したがって|したがって|therefore, consequently|JLPT N3
所為|せい|cause, reason, fault|JLPT N3
解ける|とける|to come untied, to come apart|JLPT N3
用いる|もちいる|to use, to make use of|JLPT N3
論争|ろんそう|controversy, dispute|JLPT N3
預ける|あずける|to entrust, to deposit|JLPT N3
哀れ|あわれ|helpless, pity, sorrow, grief|JLPT N3
悲しむ|かなしむ|to be sad, to mourn for|JLPT N3
行儀|ぎょうぎ|manners|JLPT N3
けち||stinginess, miser, miserliness|JLPT N3
勧める|すすめる|to recommend, to advise, to encourage|JLPT N3
詰める|つめる|to pack, to shorten, to work out (details)|JLPT N3
積もる|つもる|to pile up|JLPT N3
夫人|ふじん|wife, Mrs, madam|JLPT N3
済ませる|すませる|to be finished|JLPT N3
不平|ふへい|complaint, discontent, dissatisfaction|JLPT N3
計る|はかる|to measure, to weigh, to survey|JLPT N3
話し合う|はなしあう|to discuss, to talk together|JLPT N3
滅多に|めったに|rarely (with neg. verb), seldom|JLPT N3
合図|あいず|sign, signal|JLPT N3
塵|ごみ|dust, dirt　rubbish|JLPT N3
縄|なわ|rope, hemp|JLPT N3
両替|りょうがえ|change, money exchange|JLPT N3
収める|おさめる|to obtain, to reap, to pay|JLPT N3
気に入る|きにいる|to be pleased with, to suit|JLPT N3
婚約|こんやく|engagement, betrothal|JLPT N3
答案|とうあん|examination paper, examination script|JLPT N3
利口|りこう|clever, shrewd, bright, sharp, wise|JLPT N3
覆う|おおう|to cover, to hide, to conceal|JLPT N3
訓|くん|native Japanese reading of a Chinese character|JLPT N3
凍る|こおる|to freeze, to be frozen over|JLPT N3
覚ます|さます|to awaken|JLPT N3
釣|つり|fishing|JLPT N3
動詞|どうし|verb|JLPT N3
尤も|もっとも|quite right, plausible, natural|JLPT N3
粗い|あらい|Coarse|JLPT N3
今に|いまに|before long, even now|JLPT N3
平ら|たいら|flatness, level, smooth, calm, plain|JLPT N3
物音|ものおと|sounds|JLPT N3
破る|やぶる|to tear, to violate, to defeat, to smash|JLPT N3
要点|ようてん|gist, main point|JLPT N3
技師|ぎし|engineer, technician|JLPT N3
諺|ことわざ|proverb, maxim|JLPT N3
しきりに||frequently, repeatedly, incessantly|JLPT N3
万一|まんいち|by any chance|JLPT N3
溺れる|おぼれる|to be drowned, to indulge in|JLPT N3
金庫|きんこ|safe, vault, treasury|JLPT N3
黙る|だまる|to be silent|JLPT N3
留める|とめる|to fasten, to turn off, to detain|JLPT N3
貧しい|まずしい|poor, needy|JLPT N3
衣服|いふく|clothes|JLPT N3
言わば|いわば|so to speak|JLPT N3
越す|こす|to go over (e.g. with audience)|JLPT N3
石炭|せきたん|coal|JLPT N3
省く|はぶく|to omit, to eliminate, to curtail, to economize|JLPT N3
応じる|おうじる|to respond, to satisfy, to accept|JLPT N3
逆らう|さからう|to go against, to oppose|JLPT N3
農民|のうみん|farmers, peasants|JLPT N3
吠える|ほえる|to bark, to bay, to howl, to bellow, to roar|JLPT N3
持ち上げる|もちあげる|to raise, to lift up, to flatter|JLPT N3
うなる||to groan, to moan|JLPT N3
書斎|しょさい|study|JLPT N3
対する|たいする|to face, to confront, to oppose|JLPT N3
地平線|ちへいせん|horizon|JLPT N3
就く|つく|to take (seat, position), to get (a job)|JLPT N3
鼠|ねずみ|(1) mouse,　rat,|JLPT N3
微笑む|ほほえむ|to smile|JLPT N3
刈る|かる|to cut (hair), to mow (grass)|JLPT N3
硬貨|こうか|coin|JLPT N3
怠ける|なまける|to be idle, to neglect|JLPT N3
論じる|ろんじる|to argue, to discuss, to debate|JLPT N3
降ろす|おろす|to take down, to launch, to drop|JLPT N3
ジェット機|ジェットき|jet aeroplane|JLPT N3
停留所|ていりゅうじょ|bus or tram stop|JLPT N3
現す|あらわす|to show, to indicate, to display|JLPT N3
いただきます||expression of gratitude before meals|JLPT N3
小包|こづつみ|parcel, package|JLPT N3
年寄|としより|old people, the aged|JLPT N3
放す|はなす|to separate, to set free|JLPT N3
横切る|よこぎる|to cross (e.g. arms), to traverse|JLPT N3
罹る|かかる|to suffer from|JLPT N3
適する|てきする|to fit, to suit|JLPT N3
満ちる|みちる|to be full, to rise (tide), to mature|JLPT N3
追い付く|おいつく|to overtake, to catch up (with)|JLPT N3
為る|する|to do|JLPT N3
濠|ほり|moat|JLPT N3
構う|かまう|to mind, to care about|JLPT N3
銅貨|どうか|copper coin|JLPT N3
罰する|ばっする|to punish, to penalize|JLPT N3
人込み|ひとごみ|crowd of people|JLPT N3
タイプライター||typewriter|JLPT N3
一度に|いちどに|all at once|JLPT N3
関する|かんする|to concern, to be related|JLPT N3
優れる|すぐれる|to surpass, to outstrip, to excel|JLPT N3
日中|にっちゅう|daytime, broad daylight|JLPT N3
轢く|ひく|to run somebody over (with vehicle)|JLPT N3
命じる|めいじる|to order, to command, to appoint|JLPT N3
いけない||must not do, bad, wrong|JLPT N3
いつでも||(at) any time, always, at all times|JLPT N3
いつまでも||forever, for good, eternally|JLPT N3
うがい||gargle, rinse mouth|JLPT N3
男の人|おとこのひと|man|JLPT N3
主に|おもに|mainly, primarily|JLPT N3
替える/換える|かえる|to exchange, to interchange|JLPT N3
かもしれない||may, might, perhaps, may be|JLPT N3
急に|きゅうに|suddenly|JLPT N3
しまった||Damn it!|JLPT N3
奨学金|しょうがくきん|scholarship|JLPT N3
少しも|すこしも|anything of, not one bit|JLPT N3
精々|せいぜい|at the most, at best, to the utmost|JLPT N3
積極的|せっきょくてき|positive, active, proactive|JLPT N3
大部分|だいぶぶん|most part, greater part|JLPT N3
偶々|たまたま|casually, unexpectedly, accidentally|JLPT N3
違いない|ちがいない|(phrase) sure, no mistaking it|JLPT N3
出来るだけ|できるだけ|as (much) (soon) as possible|JLPT N3
できれば||if at all possible|JLPT N3
どこか||somewhere, anywhere|JLPT N3
土曜/土曜日|どよう/どようび|Saturday|JLPT N3
とんでもない||unexpected, offensive, What a thing to say!|JLPT N3
何か|なにか|something|JLPT N3
なにも||nothing|JLPT N3
熱中する|ねっちゅうする|to devote oneself, be devoted to|JLPT N3
二十（歳）|はたち|20 years old,|JLPT N3
一人一人|ひとりひとり|one by one, each, one at a time|JLPT N3
勉強/勉強する|べんきょう・する|study, work, to study|JLPT N3
放送/放送する|ほうそう・する|broadcast,　broadcasting|JLPT N3
他（外）|ほか|some, other place, the rest|JLPT N3
密な|みつな|dense, thick|JLPT N3
木曜/木曜日|もくよう/もくようび|Thursday|JLPT N3
ゆっくり/と||slowly, at ease|JLPT N3
陽気な|ようき|cheerful, lively, merry|JLPT N3
止す|よす|to cease, to abolish, to resign, to give up|JLPT N3
よると||according to|JLPT N3
