日|ひ, -び, ニチ|day, sun, Japan
一|ひと-, ひと.つ, イチ|one, one radical (no.1)
人|ひと, -り, ジン|person
年|とし, ネン|year, counter for years
大|おお-, おお.きい, ダイ|large, big
十|とお, と, ジュウ|ten
二|ふた, ふた.つ, ニ|two, two radical (no.2)
本|もと, ホン|book, present, main
中|なか, うち, チュウ|in, inside, middle, mean
出|で.る, -で, シュツ|exit, leave, go out
三|み, み.つ, サン|three
見|み.る, み.える, ケン|see, hopes, chances
月|つき, ゲツ|month, moon
生|い.きる, い.かす, セイ|life, genuine, birth
五|いつ, いつ.つ, ゴ|five
上|うえ, -うえ, ジョウ|above, up
四|よ, よ.つ, シ|four
金|かね, かな-, キン|gold
九|ここの, ここの.つ, キュウ|nine
入|い.る, -い.る, ニュウ|enter, insert
立|た.つ, -た.つ, リツ|stand up, rise, set up
手|て, て-, シュ|hand
力|ちから, リョク|power, strength, strong
学|まな.ぶ, ガク|study, learning, science
円|まる.い, まる, エン|circle, yen, round
子|こ, -こ, シ|child, sign of the rat
目|め, -め, モク|eye, class, look
田|た, デン|rice field, rice paddy
八|や, や.つ, ハチ|eight
六|む, む.つ, ロク|six
下|した, しも, カ|below, down, descend
気|いき, キ|spirit, mind, air
小|ちい.さい, こ-, ショウ|little, small
七|なな, なな.つ, シチ|seven
山|やま, サン|mountain
正|ただ.しい, ただ.す, セイ|correct, justice
女|おんな, め, ジョ|woman, female
百|もも, ヒャク|hundred
先|さき, ま.ず, セン|before, ahead, previous
名|な, -な, メイ|name, noted
川|かわ, セン|stream, river
文|ふみ, あや, ブン|sentence, literature
千|ち, セン|thousand
水|みず, みず-, スイ|water
男|おとこ, お, ダン|male
村|むら, ソン|village, town
口|くち, コウ|mouth
町|まち, チョウ|town, village, block
校|コウ|exam, school, printing
空|そら, あ.く, クウ|empty, sky, void, vacant
土|つち, ド|soil, earth, ground
木|き, こ-, ボク|tree, wood
車|くるま, シャ|car
石|いし, セキ|stone
足|あし, た.りる, ソク|leg, foot, be sufficient
早|はや.い, はや, ソウ|early, fast
白|しろ, しら-, ハク|white
字|あざ, あざな, ジ|character, letter, word
音|おと, ね, オン|sound, noise
天|あまつ, あめ, テン|heavens, sky, imperial
火|ひ, -び, カ|fire
花|はな, カ|flower
赤|あか, あか-, セキ|red
青|あお, あお-, セイ|blue, green
竹|たけ, チク|bamboo
右|みぎ, ウ|right
森|もり, シン|forest, woods
左|ひだり, サ|left
休|やす.む, やす.まる, キュウ|rest, day off, retire
林|はやし, リン|grove, forest
王|オウ|king, rule, magnate
玉|たま, たま-, ギョク|jewel, ball
夕|ゆう, セキ|evening
雨|あめ, あま-, ウ|rain
草|くさ, くさ-, ソウ|grass, weeds, herbs
犬|いぬ, いぬ-, ケン|dog
耳|みみ, ジ|ear
虫|むし, チュウ|insect, bug, temper
糸|いと, シ|thread
貝|かい, バイ|shellfish
国|くに, コク|country
会|あ.う, あ.わせる, カイ|meeting, meet, party
長|なが.い, おさ, チョウ|long, leader
同|おな.じ, ドウ|same, agree, equal
時|とき, -どき, ジ|time, hour
自|みずか.ら, おの.ずから, ジ|oneself
行|い.く, ゆ.く, コウ|going, journey
社|やしろ, シャ|company, firm, office
分|わ.ける, わ.け, ブン|part, minute of time
後|のち, うし.ろ, ゴ|behind, back, later
前|まえ, -まえ, ゼン|in front, before
間|あいだ, ま, カン|interval, space
東|ひがし, トウ|east
地|チ|ground, earth
合|あ.う, -あ.う, ゴウ|fit, suit, join, 0.1
市|いち, シ|market, city, town
内|うち, ナイ|inside, within, between
方|かた, -かた, ホウ|direction, person
今|いま, コン|now
回|まわ.る, -まわ.る, カイ|-times, round, game
新|あたら.しい, あら.た, シン|new
場|ば, ジョウ|location, place
米|こめ, よね, ベイ|rice, USA, metre
高|たか.い, たか, コウ|tall, high, expensive
明|あ.かり, あか.るい, メイ|bright, light
京|みやこ, キョウ|capital, 10**16
通|とお.る, とお.り, ツウ|traffic, pass through
外|そと, ほか, ガイ|outside
言|い.う, こと, ゲン|say
理|ことわり, リ|logic, arrangement
体|からだ, かたち, タイ|body, substance, object
当|あ.たる, あ.たり, トウ|hit, right, appropriate
首|くび, シュ|neck
来|く.る, きた.る, ライ|come, due, next, cause
作|つく.る, つく.り, サク|make, production
用|もち.いる, ヨウ|utilize, business
強|つよ.い, つよ.まる, キョウ|strong
公|おおやけ, コウ|public, prince, official
野|の, の-, ヤ|plains, field, rustic
思|おも.う, おもえら.く, シ|think
家|いえ, や, カ|house, home, family
話|はな.す, はなし, ワ|tale, talk
多|おお.い, まさ.に, タ|many, frequent, much
数|かず, かぞ.える, スウ|number, strength, fate
記|しる.す, キ|scribe, account
北|きた, ホク|north
午|うま, ゴ|noon, sign of the horse
心|こころ, -ごころ, シン|heart, mind, spirit
点|つ.ける, つ.く, テン|spot, point, mark, speck
教|おし.える, おそ.わる, キョウ|teach, faith, doctrine
書|か.く, -が.き, ショ|write
活|い.きる, い.かす, カツ|lively, resuscitation
原|はら, ゲン|meadow, original
交|まじ.わる, まじ.える, コウ|mingle, mixing
元|もと, ゲン|beginning, former time
近|ちか.い, キン|near, early, akin
考|かんが.える, かんが.え, コウ|consider, think over
画|えが.く, かく.する, ガ|brush-stroke, picture
海|うみ, カイ|sea, ocean
売|う.る, う.れる, バイ|sell
組|く.む, くみ, ソ|association, braid
知|し.る, し.らせる, チ|know, wisdom
道|みち, ドウ|road-way, street
引|ひ.く, ひ.き, イン|pull, tug, jerk, admit
半|なか.ば, ハン|half, middle, odd number
計|はか.る, はか.らう, ケイ|plot, plan, scheme
直|ただ.ちに, なお.す, チョク|straightaway, honesty
朝|あさ, チョウ|morning, dynasty, regime
西|にし, セイ|west, Spain
台|うてな, われ, ダイ|pedestal, a stand
広|ひろ.い, ひろ.まる, コウ|wide, broad, spacious
電|デン|electricity
少|すく.ない, すこ.し, ショウ|few, little
工|コウ|craft, construction
語|かた.る, かた.らう, ゴ|word, speech, language
止|と.まる, -ど.まり, シ|stop, halt
聞|き.く, き.こえる, ブン|hear, ask, listen
切|き.る, -き.る, セツ|cut, cutoff, be sharp
食|く.う, く.らう, ショク|eat, food
何|なに, なん, カ|what
南|みなみ, ナン|south
番|つが.い, バン|turn, number in a series
算|そろ, サン|calculate, divining
楽|たの.しい, たの.しむ, ガク|music, comfort, ease
万|よろず, マン|ten thousand, 10,000
店|みせ, たな, テン|store, shop
線|すじ, セン|line, track
声|こえ, こわ-, セイ|voice
親|おや, おや-, シン|parent, intimacy
形|かた, -がた, ケイ|shape, form, style
頭|あたま, かしら, トウ|head
毎|ごと, -ごと.に, マイ|every
門|かど, と, モン|gate
答|こた.える, こた.え, トウ|solution, answer
夜|よ, よる, ヤ|night, evening
帰|かえ.る, かえ.す, キ|homecoming, arrive at
谷|たに, きわ.まる, コク|valley
古|ふる.い, ふる-, コ|old
歌|うた, うた.う, カ|song, sing
買|か.う, バイ|buy
光|ひか.る, ひかり, コウ|ray, light
科|カ|department, course
細|ほそ.い, ほそ.る, サイ|dainty, get thin, taper
図|え, はか.る, ズ|map, drawing, plan
週|シュウ|week
丸|まる, まる.める, ガン|round, full, month
室|むろ, シツ|room, apartment, chamber
太|ふと.い, ふと.る, タイ|plump, thick, big around
歩|ある.く, あゆ.む, ホ|walk, counter for steps
風|かぜ, かざ-, フウ|wind, air, style, manner
紙|かみ, シ|paper
母|はは, も, ボ|mother
黒|くろ, くろ.ずむ, コク|black
戸|と, コ|door, counter for houses
春|はる, シュン|springtime
読|よ.む, -よ.み, ドク|read
色|いろ, ショク|color
友|とも, ユウ|friend
走|はし.る, ソウ|run
園|その, エン|park, garden, yard, farm
秋|あき, とき, シュウ|autumn
馬|うま, うま-, バ|horse
父|ちち, フ|father
夏|なつ, カ|summer
顔|かお, ガン|face, expression
船|ふね, ふな-, セン|ship, boat
羽|は, わ, ウ|feathers
岩|いわ, ガン|boulder, rock, cliff
角|かど, つの, カク|angle, corner, square
池|いけ, チ|pond, cistern, pool
星|ほし, -ぼし, セイ|star, spot, dot, mark
寺|てら, ジ|Buddhist temple
遠|とお.い, エン|distant, far
絵|カイ|picture, drawing
曜|ヨウ|weekday
弱|よわ.い, よわ.る, ジャク|weak, frail
肉|しし, ニク|meat
晴|は.れる, は.れ, セイ|clear up
鳥|とり, チョウ|bird, chicken
冬|ふゆ, トウ|winter
里|さと, リ|ri, village
昼|ひる, チュウ|daytime, noon
茶|チャ|tea
雪|ゆき, セツ|snow
弟|おとうと, テイ|younger brother
毛|け, モウ|fur, hair, feather, down
牛|うし, ギュウ|cow
魚|うお, さかな, ギョ|fish
兄|あに, ケイ|elder brother
黄|き, こ-, コウ|yellow
雲|くも, -ぐも, ウン|cloud
鳴|な.く, な.る, メイ|chirp, cry, bark, sound
矢|や, シ|dart, arrow
妹|いもうと, マイ|younger sister
姉|あね, はは, シ|elder sister
才|サイ|genius, years old
麦|むぎ, バク|barley, wheat
刀|かたな, そり, トウ|sword, saber, knife
弓|ゆみ, キュウ|bow
汽|キ|vapor, steam
事|こと, つか.う, ジ|matter, thing, fact
発|た.つ, あば.く, ハツ|discharge, departure
対|あいて, こた.える, タイ|vis-a-vis, opposite
部|-べ, ブ|section, bureau, dept
者|もの, シャ|someone, person
業|わざ, ギョウ|business, vocation, arts
相|あい-, ソウ|inter-, mutual, together
定|さだ.める, さだ.まる, テイ|determine, fix
員|イン|employee, member, number
開|ひら.く, ひら.き, カイ|open, unfold, unseal
問|と.う, と.い, モン|question, ask, problem
代|か.わる, かわ.る, ダイ|substitute, change
実|み, みの.る, ジツ|reality, truth
決|き.める, -ぎ.め, ケツ|decide, fix, agree upon
動|うご.く, うご.かす, ドウ|move, motion, change
全|まった.く, すべ.て, ゼン|whole, entire, all
表|おもて, -おもて, ヒョウ|surface, table, chart
調|しら.べる, しら.べ, チョウ|tune, tone, meter
化|ば.ける, ば.かす, カ|change, take the form of
主|ぬし, おも, シュ|lord, chief, master
題|ダイ|topic, subject
意|イ|idea, mind, heart, taste
度|たび, -た.い, ド|degrees, occurrence
期|キ|period, time, date, term
持|も.つ, -も.ち, ジ|hold, have
取|と.る, と.り, シュ|take, fetch, take up
都|みやこ, ト|metropolis, capital
和|やわ.らぐ, やわ.らげる, ワ|harmony, Japanese style
平|たい.ら, -だいら, ヘイ|even, flat, peace
世|よ, さんじゅう, セイ|generation, world
受|う.ける, -う.け, ジュ|accept, undergo
区|ク|ward, district
県|か.ける, ケン|prefecture
進|すす.む, すす.める, シン|advance, proceed
安|やす.い, やす.まる, アン|relax, cheap, low, quiet
院|イン|Inst., institution
指|ゆび, さ.す, シ|finger, point to
界|カイ|world
第|ダイ|No., residence
予|あらかじ.め, ヨ|beforehand, previous
向|む.く, む.い, コウ|yonder, facing, beyond
勝|か.つ, -が.ち, ショウ|victory, win, prevail
面|おも, おもて, メン|mask, face, features
委|ゆだ.ねる, イ|committee, entrust to
反|そ.る, そ.らす, ハン|anti-
重|え, おも.い, ジュウ|heavy, heap up, pile up
集|あつ.まる, あつ.める, シュウ|gather, meet, congregate
物|もの, もの-, ブツ|thing, object, matter
使|つか.う, つか.い, シ|use
所|ところ, -ところ, ショ|place
次|つ.ぐ, つぎ, ジ|next, order, sequence
品|しな, ヒン|goods, refinement
死|し.ぬ, し.に-, シ|death, die
係|かか.る, かかり, ケイ|person in charge
感|カン|emotion, feeling
投|な.げる, -な.げ, トウ|throw, discard, abandon
打|う.つ, う.ち-, ダ|strike, hit, knock
始|はじ.める, -はじ.める, シ|commence, begin
島|しま, トウ|island
両|てる, ふたつ, リョウ|both, old Japanese coin
式|シキ|style, ceremony, rite
運|はこ.ぶ, ウン|carry, luck, destiny
終|お.わる, -お.わる, シュウ|end, finish
住|す.む, す.まう, ジュウ|dwell, reside, live
談|ダン|discuss, talk
真|ま, ま-, シン|true, reality
流|なが.れる, なが.れ, リュウ|current, a sink, flow
有|あ.る, ユウ|possess, have, exist
局|つぼね, キョク|bureau, board, office
放|はな.す, -っぱな.し, ホウ|set free, release, fire
球|たま, キュウ|ball, sphere
急|いそ.ぐ, いそ.ぎ, キュウ|hurry, emergency, sudden
送|おく.る, ソウ|escort, send
役|ヤク|duty, war, campaign
身|み, シン|somebody, person
由|よし, よ.る, ユ|wherefore, a reason
転|ころ.がる, ころ.げる, テン|revolve, turn around
研|と.ぐ, ケン|polish, study of
消|き.える, け.す, ショウ|extinguish, blow out
神|かみ, かん-, シン|gods, mind, soul
配|くば.る, ハイ|distribute, spouse
宮|みや, キュウ|Shinto shrine
究|きわ.める, キュウ|research, study
育|そだ.つ, そだ.ち, イク|bring up, grow up, raise
起|お.きる, お.こる, キ|rouse, wake up, get up
着|き.る, -ぎ, チャク|don, arrive, wear
乗|の.る, -の.り, ジョウ|ride, power
想|おも.う, ソウ|concept, think, idea
病|や.む, -や.み, ビョウ|ill, sick
農|ノウ|agriculture, farmers
州|す, シュウ|state, province
待|ま.つ, -ま.ち, タイ|wait, depend on
族|ゾク|tribe, family
銀|しろがね, ギン|silver
助|たす.ける, たす.かる, ジョ|help, rescue, assist
追|お.う, ツイ|chase, drive away
商|あきな.う, ショウ|make a deal, selling
葉|は, ヨウ|leaf, plane, lobe
落|お.ちる, お.ち, ラク|fall, drop, come down
医|い.やす, い.する, イ|doctor, medicine
仕|つか.える, シ|attend, doing, official
去|さ.る, -さ.る, キョ|gone, past, quit, leave
味|あじ, あじ.わう, ミ|flavor, taste
負|ま.ける, ま.かす, フ|defeat, negative, -
写|うつ.す, うつ.る, シャ|copy, be photographed
守|まも.る, まも.り, シュ|guard, protect, defend
美|うつく.しい, ビ|beauty, beautiful
命|いのち, メイ|fate, command, decree
福|フク|blessing, fortune, luck
整|ととの.える, ととの.う, セイ|organize, arranging
横|よこ, オウ|sideways, side
深|ふか.い, -ぶか.い, シン|deep, heighten
申|もう.す, もう.し-, シン|have the honor to
様|さま, さん, ヨウ|Esq., way, manner
港|みなと, コウ|harbor
注|そそ.ぐ, さ.す, チュウ|pour, irrigate
階|きざはし, カイ|storey, stair
路|-じ, みち, ロ|path, route, road
悪|わる.い, わる-, アク|bad, vice, rascal, false
他|ほか, タ|other, another
橋|はし, キョウ|bridge
岸|きし, ガン|beach
客|キャク|guest, visitor, customer
登|のぼ.る, あ.がる, トウ|ascend, climb up
速|はや.い, はや-, ソク|quick, fast
央|オウ|center, middle
号|さけ.ぶ, よびな, ゴウ|nickname, number, item
館|やかた, たて, カン|building, mansion
屋|や, オク|roof, house, shop
根|ね, -ね, コン|root, radical
苦|くる.しい, -ぐる.しい, ク|suffering, trial, worry
具|そな.える, つぶさ.に, グ|tool, utensil, means
鉄|くろがね, テツ|iron
返|かえ.す, -かえ.す, ヘン|return, answer, fade
短|みじか.い, タン|short, brevity, fault
油|あぶら, ユ|oil, fat
昭|ショウ|shining, bright
植|う.える, う.わる, ショク|plant
宿|やど, やど.る, シュク|inn, lodging
薬|くすり, ヤク|medicine, chemical
習|なら.う, なら.い, シュウ|learn
倍|バイ|double, twice, times
駅|エキ|station
波|なみ, ハ|waves, billows, Poland
洋|ヨウ|ocean, western style
旅|たび, リョ|trip, travel
級|キュウ|class, rank, grade
幸|さいわ.い, さち, コウ|happiness, blessing
練|ね.る, ね.り, レン|practice, gloss, train
軽|かる.い, かろ.やか, ケイ|lightly, trifling
等|ひと.しい, など, トウ|etc., and so forth
曲|ま.がる, ま.げる, キョク|bend, music, melody
庭|にわ, テイ|courtyard, garden, yard
血|ち, ケツ|blood
温|あたた.か, あたた.かい, オン|warm
庫|くら, コ|warehouse, storehouse
坂|さか, ハン|slope, incline, hill
服|フク|clothing, admit, obey
息|いき, ソク|breath, respiration, son
板|いた, ハン|plank, board, plate
列|レツ|file, row, rank, tier
遊|あそ.ぶ, あそ.ばす, ユウ|play
君|きみ, -ぎみ, クン|old boy, name-suffix
飲|の.む, -の.み, イン|drink, smoke, take
章|ショウ|badge, chapter
酒|さけ, さか-, シュ|sake, alcohol
悲|かな.しい, かな.しむ, ヒ|grieve, sad, deplore
秒|ビョウ|second (1/60 minute)
暗|くら.い, くら.む, アン|darkness, disappear
勉|つと.める, ベン|exertion
陽|ひ, ヨウ|sunshine, yang principle
皮|かわ, ヒ|pelt, skin, hide
歯|よわい, は, シ|tooth, cog
柱|はしら, チュウ|pillar, post, cylinder
祭|まつ.る, まつ.り, サイ|ritual, offer prayers
筆|ふで, ヒツ|writing brush, writing
童|わらべ, ドウ|juvenile, child
畑|はた, はたけ|farm, field, garden
緑|みどり, リョク|green
礼|レイ|salute, bow, ceremony
詩|うた, シ|poem, poetry
昔|むかし, セキ|once upon a time
泳|およ.ぐ, エイ|swim
荷|に, カ|baggage
炭|すみ, タン|charcoal, coal
丁|ひのと, チョウ|street, ward, town
湖|みずうみ, コ|lake
湯|ゆ, トウ|hot water, bath
箱|はこ, ソウ|box, chest, case, bin
豆|まめ, まめ-, トウ|beans, pea, midget
暑|あつ.い, ショ|sultry, hot, summer heat
氷|こおり, ひ, ヒョウ|icicle, ice, hail
寒|さむ.い, カン|cold
帳|とばり, チョウ|notebook, account book
拾|ひろ.う, シュウ|pick up, gather, find
漢|カン|Sino-, China
鼻|はな, ビ|nose, snout
皿|さら, ベイ|dish, a helping, plate
羊|ひつじ, ヨウ|sheep
笛|ふえ, テキ|flute, clarinet, pipe
議|ギ|deliberation
民|たみ, ミン|people, nation, subjects
連|つら.なる, つら.ねる, レン|take along, lead, join
選|えら.ぶ, セン|elect, select, choose
関|せき, -ぜき, カン|connection, barrier
戦|いくさ, たたか.う, セン|war, battle, match
最|もっと.も, つま, サイ|utmost, most, extreme
氏|うじ, -うじ, シ|family name, surname
約|つづ.まる, つづ.める, ヤク|promise, approximately
法|のり, ホウ|method, law, rule
不|フ|negative, non-, bad
的|まと, テキ|bull's eye, mark, target
要|い.る, かなめ, ヨウ|need, main point
治|おさ.める, おさ.まる, ジ|reign, be at peace
成|な.る, な.す, セイ|turn into, become, get
協|キョウ|co-, cooperation
以|もっ.て, イ|by means of, because
機|はた, キ|mechanism, opportunity
加|くわ.える, くわ.わる, カ|add, addition, increase
続|つづ.く, つづ.ける, ゾク|continue, series, sequel
改|あらた.める, あらた.まる, カイ|reformation, change
初|はじ.め, はじ.めて, ショ|first time, beginning
産|う.む, う.まれる, サン|products, bear
結|むす.ぶ, ゆ.う, ケツ|tie, bind, contract
府|フ|borough
共|とも, とも.に, キョウ|together, both, neither
得|え.る, う.る, トク|gain, get, find, earn
告|つ.げる, コク|revelation, tell, inform
軍|いくさ, グン|army, force, troops, war
参|まい.る, まい-, サン|nonplussed, three, going
利|き.く, リ|profit, advantage
案|つくえ, アン|plan, suggestion, draft
信|シン|faith, truth, fidelity
別|わか.れる, わ.ける, ベツ|separate, branch off
側|かわ, がわ, ソク|side, lean, oppose
求|もと.める, キュウ|request, want, wish for
昨|サク|yesterday, previous
官|カン|bureaucrat
特|トク|special
変|か.わる, か.わり, ヘン|unusual, change, strange
各|おのおの, カク|each, every, either
挙|あ.げる, あ.がる, キョ|raise, plan, project
果|は.たす, はた.す, カ|fruit, reward, carry out
必|かなら.ず, ヒツ|invariably, certain
争|あらそ.う, いか.でか, ソウ|contend, dispute, argue
無|な.い, ム|nothingness, none, ain't
位|くらい, ぐらい, イ|rank, grade, throne
置|お.く, -お.き, チ|placement, put, set
料|リョウ|fee, materials
建|た.てる, た.て, ケン|build
費|つい.やす, つい.える, ヒ|expense, cost, spend
付|つ.ける, -つ.ける, フ|adhere, attach, refer to
説|と.く, セツ|rumor, opinion, theory
夫|おっと, それ, フ|husband, man
害|ガイ|harm, injury
副|フク|vice-, duplicate, copy
席|むしろ, セキ|seat, mat, occasion
残|のこ.る, のこ.す, ザン|remainder, leftover
念|ネン|wish, sense, idea
試|こころ.みる, ため.す, シ|test, try, attempt
象|かたど.る, ショウ|elephant, pattern after
労|ろう.する, いたわ.る, ロウ|labor, thank for
例|たと.える, レイ|example, custom, usage
然|しか, しか.り, ゼン|sort of thing, so, if so
験|あかし, しるし, ケン|verification, effect
伝|つた.わる, つた.える, デン|transmit, go along
働|はたら.く, ドウ|work, (kokuji)
景|ケイ|scenery, view
好|この.む, す.く, コウ|fond, pleasing
賞|ほ.める, ショウ|prize, reward, praise
辺|あた.り, ほと.り, ヘン|environs, boundary
英|はなぶさ, エイ|England, English
低|ひく.い, ひく.める, テイ|lower, short, humble
失|うしな.う, う.せる, シツ|lose, error, fault
差|さ.す, さ.し, サ|distinction, difference
課|カ|chapter, lesson, section
末|すえ, マツ|end, close, tip, powder
極|きわ.める, きわ.まる, キョク|poles, settlement
種|たね, -ぐさ, シュ|species, kind, class
量|はか.る, リョウ|quantity, measure
望|のぞ.む, もち, ボウ|ambition, full moon
松|まつ, ショウ|pine tree
観|み.る, しめ.す, カン|outlook, look
察|サツ|guess, presume, surmise
型|かた, -がた, ケイ|mould, type, model
票|ヒョウ|ballot, label, ticket
達|-たち, タツ|accomplished, reach
良|よ.い, -よ.い, リョウ|good, pleasing, skilled
候|そうろう, コウ|climate, season, weather
史|シ|history, chronicle
満|み.ちる, み.つ, マン|full, fullness, enough
敗|やぶ.れる, ハイ|failure, defeat
管|くだ, カン|pipe, tube
兵|つわもの, ヘイ|soldier, private, troops
器|うつわ, キ|utensil, vessel
士|シ|gentleman, samurai
積|つ.む, -づ.み, セキ|volume, product (x*y)
録|しる.す, と.る, ロク|record
省|かえり.みる, はぶ.く, セイ|focus
周|まわ.り, シュウ|circumference, circuit
材|ザイ|lumber, log, timber
健|すこ.やか, ケン|healthy, health
飛|と.ぶ, と.ばす, ヒ|fly, skip (pages)
殺|ころ.す, -ごろ.し, サツ|kill, murder, butcher
単|ひとえ, タン|simple, one, single
完|カン|perfect, completion, end
隊|タイ|regiment, party, company
競|きそ.う, せ.る, キョウ|emulate, compete with
給|たま.う, たも.う, キュウ|salary, wage, gift
歴|レキ|curriculum, continuation
辞|や.める, いな.む, ジ|resign, word, term
愛|いと.しい, かな.しい, アイ|love, affection
未|いま.だ, ま.だ, ミ|un-, not yet, hitherto
航|コウ|navigate, sail, cruise
冷|つめ.たい, ひ.える, レイ|cool
類|たぐ.い, ルイ|sort, kind, variety
児|こ, -こ, ジ|newborn babe, child
印|しるし, -じるし, イン|stamp, seal, mark
標|しるべ, しるし, ヒョウ|signpost, seal, mark
輪|わ, リン|wheel, ring, circle
熱|あつ.い, ネツ|heat, temperature, fever
清|きよ.い, きよ.まる, セイ|pure, purify, cleanse
覚|おぼ.える, さ.ます, カク|memorize, learn
億|オク|hundred million, 10**8
芸|う.える, のり, ゲイ|technique, art, craft
便|たよ.り, ベン|convenience
停|と.める, と.まる, テイ|halt, stopping
陸|おか, リク|land, six
帯|お.びる, おび, タイ|sash, belt, obi, zone
努|つと.める, ド|toil, diligent
固|かた.める, かた.まる, コ|harden, set, clot
散|ち.る, ち.らす, サン|scatter, disperse, spend
司|つかさど.る, シ|director, official
康|コウ|ease, peace
静|しず-, しず.か, セイ|quiet
喜|よろこ.ぶ, よろこ.ばす, キ|rejoice
囲|かこ.む, かこ.う, イ|surround, besiege, store
卒|そっ.する, お.える, ソツ|graduate, soldier
順|ジュン|obey, order, turn, right
紀|キ|chronicle, account
博|ハク|Dr., command, esteem
救|すく.う, キュウ|salvation, save, help
老|お.いる, ふ.ける, ロウ|old man, old age
令|レイ|orders, ancient laws
徒|いたずら, あだ, ト|junior, emptiness
貨|たから, カ|freight, goods, property
季|キ|seasons
功|いさお, コウ|achievement, merits
欠|か.ける, か.く, ケツ|lack, gap, fail
底|そこ, テイ|bottom, sole, depth
養|やしな.う, ヨウ|foster, bring up, rear
街|まち, ガイ|boulevard, street, town
願|ねが.う, -ねがい, ガン|petition, request, vow
希|まれ, キ|hope, beg, request, pray
笑|わら.う, え.む, ショウ|laugh
束|たば, たば.ねる, ソク|bundle, sheaf, ream
仲|なか, チュウ|go-between, relationship
栄|さか.える, は.え, エイ|flourish, prosperity
札|ふだ, サツ|tag, paper money
借|か.りる, シャク|borrow, rent
節|ふし, -ぶし, セツ|node, season, period
包|つつ.む, くる.む, ホウ|wrap, pack up, cover
折|お.る, おり, セツ|fold, break, fracture
郡|こおり, グン|county, district
焼|や.く, や.き, ショウ|bake, burning
照|て.る, て.らす, ショウ|illuminate, shine
堂|ドウ|public chamber, hall
飯|めし, ハン|meal, boiled rice
典|テン|code, ceremony, law
漁|あさ.る, ギョ|fishing, fishery
貯|た.める, たくわ.える, チョ|savings, store, lay in
倉|くら, ソウ|godown, warehouse
唱|とな.える, ショウ|chant, recite, call upon
訓|おし.える, よ.む, クン|instruction
浴|あ.びる, あ.びせる, ヨク|bathe, be favored with
塩|しお, エン|salt
兆|きざ.す, きざ.し, チョウ|portent, 10**12
祝|いわ.う, シュク|celebrate, congratulate
旗|はた, キ|national flag, banner
衣|ころも, きぬ, イ|garment, clothes
梅|うめ, バイ|plum
臣|シン|retainer, subject
浅|あさ.い, セン|shallow, superficial
勇|いさ.む, ユウ|courage, cheer up
械|かせ, カイ|contraption, fetter
菜|な, サイ|vegetable, side dish
刷|す.る, -ず.り, サツ|printing, print
牧|まき, ボク|breed, care for
泣|な.く, キュウ|cry, weep, moan
孫|まご, ソン|grandchild, descendants
毒|ドク|poison, virus, venom
径|みち, こみち, ケイ|diameter, path, method
脈|すじ, ミャク|vein, pulse, hope
粉|デシメートル, こ, フン|flour, powder, dust
鏡|かがみ, キョウ|mirror, speculum
巣|す, す.くう, ソウ|nest, rookery, hive
灯|ひ, ほ-, トウ|lamp, a light, light
胃|イ|stomach, paunch, crop
芽|め, ガ|bud, sprout, spear, germ
腸|はらわた, チョウ|intestines, guts, bowels
政|まつりごと, まん, セイ|politics, government
経|へ.る, た.つ, ケイ|sutra, longitude
現|あらわ.れる, あらわ.す, ゲン|present, existing
性|さが, セイ|sex, gender, nature
制|セイ|system, law, rule
務|つと.める, ム|task, duties
統|す.べる, ほび.る, トウ|overall, relationship
総|す.べて, すべ.て, ソウ|general, whole, all
領|えり, リョウ|jurisdiction, dominion
設|もう.ける, セツ|establishment, provision
保|たも.つ, ホ|protect, guarantee, keep
支|ささ.える, つか.える, シ|branch, support, sustain
報|むく.いる, ホウ|report, news, reward
解|と.く, と.かす, カイ|unravel, notes, key
資|シ|assets, resources
際|きわ, -ぎわ, サイ|occasion, side, edge
査|サ|investigate
判|わか.る, ハン|judgement, signature
在|あ.る, ザイ|exist, outskirts
件|くだん, ケン|affair, case, matter
団|かたまり, まる.い, ダン|group, association
任|まか.せる, まか.す, ニン|responsibility, duty
増|ま.す, ま.し, ゾウ|increase, add, augment
情|なさ.け, ジョウ|feelings, emotion
示|しめ.す, ジ|show, indicate
基|もと, もとい, キ|fundamentals
価|あたい, カ|value, price
確|たし.か, たし.かめる, カク|assurance, firm, tight
提|さ.げる, テイ|propose, take along
勢|いきお.い, はずみ, セイ|forces, energy
減|へ.る, へ.らす, ゲン|dwindle, decrease
容|い.れる, ヨウ|contain, form, looks
応|あた.る, まさに, オウ|apply, answer, yes, OK
演|エン|performance, act, play
能|よ.く, ノウ|ability, talent, skill
再|ふたた.び, サイ|again, twice
格|カク|status, rank, capacity
過|す.ぎる, -す.ぎる, カ|overdo, exceed
税|ゼイ|tax, duty
検|しら.べる, ケン|examination, investigate
常|つね, とこ-, ジョウ|usual, ordinary, normal
状|ジョウ|status quo, conditions
営|いとな.む, いとな.み, エイ|occupation, camp
職|ショク|post, employment, work
証|あかし, ショウ|evidence, proof
可|-べ.き, -べ.し, カ|can, passable, mustn't
構|かま.える, かま.う, コウ|posture, build, pretend
比|くら.べる, ヒ|compare, race, ratio
防|ふせ.ぐ, ボウ|ward off, defend
断|た.つ, ことわ.る, ダン|severance, decline
境|さかい, キョウ|boundary, border, region
規|キ|standard, measure
術|すべ, ジュツ|art, technique, skill
護|まも.る, ゴ|safeguard, protect
態|わざ.と, タイ|attitude, condition
導|みちび.く, ドウ|guidance, leading
備|そな.える, そな.わる, ビ|equip, provision
条|えだ, すじ, ジョウ|article, clause, item
幹|みき, カン|tree trunk
独|ひと.り, ドク|single, alone
輸|ユ|transport, send
述|の.べる, ジュツ|mention, state, speak
率|ひき.いる, ソツ|ratio, rate, proportion
武|たけ.し, ブ|warrior, military
質|たち, ただ.す, シツ|substance, quality
衛|エイ|defense, protection
張|は.る, -は.り, チョウ|lengthen
限|かぎ.る, かぎ.り, ゲン|limit, restrict
額|ひたい, ガク|forehead, tablet, plaque
義|ギ|righteousness, justice
退|しりぞ.く, しりぞ.ける, タイ|retreat, withdraw
準|じゅん.じる, じゅん.ずる, ジュン|semi-, correspond to
造|つく.る, つく.り, ゾウ|create, make, structure
技|わざ, ギ|skill, art, craft
復|また, フク|restore, return to
移|うつ.る, うつ.す, イ|shift, move, change
個|コ|individual
評|ヒョウ|evaluate, criticism
非|あら.ず, ヒ|un-, mistake, negative
製|セイ|made in..., manufacture
財|たから, ザイ|property, money, wealth
識|し.る, しる.す, シキ|discriminating, know
程|ほど, -ほど, テイ|extent, degree, law
接|つ.ぐ, セツ|touch, contact, adjoin
授|さず.ける, さず.かる, ジュ|impart, instruct, grant
効|き.く, ききめ, コウ|merit, efficacy
旧|ふる.い, もと, キュウ|old times, old things
師|もろもろ, なら.う, シ|expert, teacher, master
易|やさ.しい, やす.い, エキ|easy, ready to, simple
券|ケン|ticket
破|やぶ.る, やぶ.れる, ハ|rend, rip, tear, break
編|あ.む, -あ.み, ヘン|compilation, knit, plait
責|せ.める, セキ|blame, condemn, censure
修|おさ.める, おさ.まる, シュウ|discipline
採|と.る, サイ|pick, take, fetch
織|お.る, お.り, ショク|weave, fabric
故|ゆえ, ふる.い, コ|happenstance, especially
弁|わきま.える, わ.ける, ベン|valve, petal, braid
因|よ.る, ちな.む, イン|cause, factor
富|と.む, とみ, フ|wealth, enrich, abundant
貿|ボウ|trade, exchange
講|コウ|lecture, club
素|もと, ソ|elementary, principle
河|かわ, カ|river
適|かな.う, テキ|suitable, occasional
婦|よめ, フ|lady, woman, wife, bride
寄|よ.る, -よ.り, キ|draw near, stop in
益|ま.す, エキ|benefit, gain, profit
余|あま.る, あま.り, ヨ|too much, myself
禁|キン|prohibition, ban, forbid
逆|さか, さか.さ, ギャク|inverted, reverse
久|ひさ.しい, キュウ|long time, old story
妻|つま, サイ|wife, spouse
暴|あば.く, あば.れる, ボウ|outburst, rave, fret
険|けわ.しい, ケン|precipitous
均|なら.す, キン|level, average
圧|お.す, へ.す, アツ|pressure, push
許|ゆる.す, もと, キョ|permit, approve
留|と.める, と.まる, リュウ|detain, fasten, halt
罪|つみ, ザイ|guilt, sin, crime, fault
興|おこ.る, おこ.す, コウ|entertain, revive
精|セイ|refined, ghost, fairy
則|のっと.る, ソク|rule, follow, based on
測|はか.る, ソク|fathom, plan, scheme
豊|ゆた.か, とよ, ホウ|bountiful, excellent
厚|あつ.い, あか, コウ|thick, heavy, rich, kind
略|ほぼ, おか.す, リャク|abbreviation, omission
承|うけたまわ.る, う.ける, ショウ|acquiesce, hear
絶|た.える, た.やす, ゼツ|discontinue, beyond
版|ハン|printing block
損|そこ.なう, そこな.う, ソン|damage, loss
仏|ほとけ, ブツ|Buddha, the dead, France
績|セキ|exploits
築|きず.く, チク|fabricate, build
志|シリング, こころざ.す, シ|intention, plan, resolve
混|ま.じる, -ま.じり, コン|mix, blend, confuse
居|い.る, -い, キョ|reside, to be, exist
雑|まじ.える, まじ.る, ザツ|miscellaneous
招|まね.く, ショウ|beckon, invite, summon
永|なが.い, エイ|eternity, long, lengthy
刊|カン|publish, carve, engrave
像|ゾウ|statue, picture, image
賛|たす.ける, たた.える, サン|approve, praise
犯|おか.す, ハン|crime, sin, offense
布|ぬの, フ|linen, cloth
属|さかん, つく, ゾク|belong, genus
複|フク|duplicate, double
似|に.る, ひ.る, ジ|becoming, resemble
迷|まよ.う, メイ|astray, be perplexed
夢|ゆめ, ゆめ.みる, ム|dream, vision, illusion
燃|も.える, も.やす, ネン|burn, blaze, glow
災|わざわ.い, サイ|disaster, calamity, woe
預|あず.ける, あず.かる, ヨ|deposit, custody
貸|か.す, か.し-, タイ|lend
銭|ぜに, すき, セン|coin, .01 yen, money
群|む.れる, む.れ, グン|flock, group, crowd
謝|あやま.る, シャ|apologize, thank, refuse
仮|かり, かり-, カ|sham, temporary, interim
賀|ガ|congratulations, joy
快|こころよ.い, カイ|cheerful, pleasant
徳|トク|benevolence, virtue
序|つい.で, ついで, ジョ|preface, beginning
舎|やど.る, シャ|cottage, inn, hut, house
慣|な.れる, な.らす, カン|accustomed, get used to
敵|かたき, あだ, テキ|enemy, foe, opponent
液|エキ|fluid, liquid, juice
貧|まず.しい, ヒン|poverty, poor
酸|す.い, サン|acid, bitterness, sour
祖|ソ|ancestor, pioneer
桜|さくら, オウ|cherry
句|ク|phrase, clause, sentence
墓|はか, ボ|grave, tomb
鉱|あらがね, コウ|mineral, ore
飼|か.う, シ|domesticate, raise, keep
枝|えだ, シ|bough, branch, twig
恩|オン|grace, kindness
往|い.く, いにしえ, オウ|journey, chase away
肥|こ.える, こえ, ヒ|fertilizer, get fat
俵|たわら, ヒョウ|bag, bale, sack
綿|わた, メン|cotton
銅|あかがね, ドウ|copper
眼|まなこ, め, ガン|eyeball
耕|たがや.す, コウ|till, plow, cultivate
潔|いさぎよ.い, ケツ|undefiled, pure, clean
舌|した, ゼツ|tongue, reed, clapper
党|なかま, むら, トウ|party, faction, clique
権|おもり, かり, ケン|authority, power, rights
派|ハ|faction, group, party
済|す.む, -ず.み, サイ|finish, come to an end
認|みと.める, したた.める, ニン|acknowledge, witness
策|サク|scheme, plan, policy
論|ロン|argument, discourse
私|わたくし, わたし, シ|private, I, me
革|かわ, カク|leather, become serious
疑|うたが.う, ギ|doubt, distrust
裁|た.つ, さば.く, サイ|tailor, judge, decision
供|そな.える, とも, キョウ|submit, offer, present
割|わ.る, わり, カツ|proportion
難|かた.い, -がた.い, ナン|difficult, impossible
補|おぎな.う, ホ|supplement, supply
優|やさ.しい, すぐ.れる, ユウ|tenderness, excel
収|おさ.める, おさ.まる, シュウ|income, obtain, reap
展|テン|unfold, expand
宅|タク|home, house, residence
視|み.る, シ|inspection, regard as
警|いまし.める, ケイ|admonish, commandment
訪|おとず.れる, たず.ねる, ホウ|call on, visit, look up
域|イキ|range, region, limits
映|うつ.る, うつ.す, エイ|reflect, reflection
担|かつ.ぐ, にな.う, タン|shouldering, carry
株|かぶ, シュ|stocks, stump, shares
姿|すがた, シ|figure, form, shape
閣|カク|tower, tall building
衆|おお.い, シュウ|masses, great numbers
若|わか.い, わか-, ジャク|young, if, perhaps
脳|のうずる, ノウ|brain, memory
蔵|くら, おさ.める, ゾウ|storehouse, hide, own
段|ダン|grade, steps, stairs
呼|よ.ぶ, コ|call, call out to
針|はり, シン|needle, pin, staple
専|もっぱ.ら, セン|specialty, exclusive
推|お.す, スイ|conjecture, infer, guess
値|ね, あたい, チ|price, cost, value
討|う.つ, トウ|chastise, attack, defeat
処|ところ, -こ, ショ|dispose, manage
憲|ケン|constitution, law
激|はげ.しい, ゲキ|violent, get excited
否|いな, いや, ヒ|negate, no, noes, refuse
系|ケイ|lineage, system
批|ヒ|criticism, strike
存|ソン|suppose, be aware of
盟|メイ|alliance, oath
座|すわ.る, ザ|squat, seat, cushion
除|のぞ.く, -よ.け, ジョ|exclude, division (x/3)
降|お.りる, お.ろす, コウ|descend, precipitate
並|な.み, なら.べる, ヘイ|row, and, besides
従|したが.う, したが.える, ジュウ|accompany, obey
危|あぶ.ない, あや.うい, キ|dangerous, fear, uneasy
拡|ひろ.がる, ひろ.げる, カク|broaden, extend, expand
就|つ.く, つ.ける, シュウ|concerning, settle
異|こと, こと.なる, イ|uncommon, queerness
将|まさ.に, はた, ショウ|leader, commander
厳|おごそ.か, きび.しい, ゲン|stern, strictness
遺|のこ.す, イ|bequeath, leave behind
装|よそお.う, よそお.い, ソウ|attire, dress, pretend
諸|もろ, ショ|various, many, several
亡|な.い, な.き-, ボウ|deceased, the late
劇|ゲキ|drama, play
模|モ|imitation, copy, mock
宣|のたま.う, セン|proclaim, say, announce
背|せ, せい, ハイ|stature, height, back
盛|も.る, さか.る, セイ|boom, prosper, copulate
皇|コウ|emperor
臨|のぞ.む, リン|look to, face, meet
署|ショ|signature, govt office
源|みなもと, ゲン|source, origin
創|つく.る, はじ.める, ソウ|genesis, wound, injury
障|さわ.る, ショウ|hinder, hurt, harm
筋|すじ, キン|muscle, sinew, tendon
延|の.びる, の.べる, エン|prolong, stretching
乱|みだ.れる, みだ.る, ラン|riot, war, disorder
善|よ.い, い.い, ゼン|virtuous, good, goodness
庁|やくしょ, チョウ|government office
城|しろ, ジョウ|castle
層|ソウ|stratum, social class
裏|うら, リ|back, amidst, in
密|ひそ.か, ミツ|secrecy, density (pop)
我|われ, わ, ガ|ego, I, selfish, our
勤|つと.める, -づと.め, キン|diligence
幕|とばり, マク|curtain, bunting
染|そ.める, -ぞ.め, セン|dye, color, paint, stain
困|こま.る, コン|quandary
傷|きず, いた.む, ショウ|wound, hurt, injure
著|あらわ.す, いちじる.しい, チョ|renowned, publish, write
誌|シ|document, records
秘|ひ.める, ひそ.か, ヒ|secret, conceal
刻|きざ.む, きざ.み, コク|engrave, cut fine, chop
宇|ウ|eaves, roof, house
欲|ほっ.する, ほ.しい, ヨク|longing, covetousness
痛|いた.い, いた.む, ツウ|pain, hurt, damage
縮|ちぢ.む, ちぢ.まる, シュク|shrink, contract
枚|マイ|sheet of...
郵|ユウ|mail, stagecoach stop
探|さぐ.る, さが.す, タン|grope, search, look for
骨|ほね, コツ|skeleton, bone, remains
射|い.る, さ.す, シャ|shoot, shine into, onto
届|とど.ける, -とど.け, カイ|deliver, reach, arrive
巻|ま.く, まき, カン|scroll, volume, book
揮|ふる.う, キ|brandish, wave, wag
閉|と.じる, と.ざす, ヘイ|closed, shut
賃|チン|fare, fee, hire, rent
貴|たっと.い, とうと.い, キ|precious, value, prize
暮|く.れる, く.らす, ボ|livelihood
簡|カン|simplicity, brevity
納|おさ.める, -おさ.める, ノウ|settlement, obtain, reap
樹|き, ジュ|timber trees, wood
臓|はらわた, ゾウ|entrails, viscera
律|リツ|rhythm, law, regulation
至|いた.る, シ|climax, arrive, proceed
宗|むね, シュウ|religion, sect
宙|チュウ|mid-air, air, space, sky
操|みさお, あやつ.る, ソウ|maneuver, manipulate
誕|タン|nativity, be born
孝|コウ|filial piety
純|ジュン|genuine, purity
訳|わけ, ヤク|translate, reason
吸|す.う, キュウ|suck, imbibe, inhale
看|み.る, カン|watch over, see
奏|かな.でる, ソウ|play music
翌|ヨク|the following, next
片|かた-, かた, ヘン|one-sided, leaf, sheet
郷|さと, キョウ|home town, village
敬|うやま.う, ケイ|awe, respect, honor
泉|いずみ, セン|spring, fountain
己|おのれ, つちのと, コ|self, snake, serpent
忠|チュウ|loyalty, fidelity
沿|そ.う, -ぞ.い, エン|run alongside
誠|まこと, セイ|sincerity, admonish
忘|わす.れる, ボウ|forget
俳|ハイ|haiku, actor
宝|たから, ホウ|treasure, wealth
胸|むね, むな-, キョウ|bosom, breast, chest
砂|すな, サ|sand
誤|あやま.る, -あやま.る, ゴ|mistake, err, do wrong
聖|ひじり, セイ|holy, saint, sage
洗|あら.う, セン|wash, inquire into
尊|たっと.い, とうと.い, ソン|revered, valuable
窓|まど, てんまど, ソウ|window, pane
幼|おさな.い, ヨウ|infancy, childhood
潮|しお, うしお, チョウ|tide, salt water
鋼|はがね, コウ|steel
縦|たて, ジュウ|vertical, length, height
捨|す.てる, シャ|discard, throw away
腹|はら, フク|abdomen, belly, stomach
乳|ちち, ち, ニュウ|milk, breasts
紅|べに, くれない, コウ|crimson, deep red
冊|ふみ, サツ|tome, counter for books
仁|ジン|humanity, virtue
卵|たまご, ラン|egg, ovum, spawn, roe
干|ほ.す, ほ.し-, カン|dry, parch
頂|いただ.く, いただき, チョウ|place on the head
穴|あな, ケツ|hole, aperture, slit
暖|あたた.か, あたた.かい, ダン|warmth
朗|ほが.らか, あき.らか, ロウ|melodious, clear, bright
肺|ハイ|lungs
熟|う.れる, ジュク|mellow, ripen, mature
晩|バン|nightfall, night
陛|ヘイ|highness
拝|おが.む, おろが.む, ハイ|worship, adore, pray to
棒|ボウ|rod, stick, cane, pole
糖|トウ|sugar
覧|み.る, ラン|perusal, see
奮|ふる.う, フン|stirred up
蒸|む.す, む.れる, ジョウ|steam, heat, sultry
后|きさき, コウ|empress, queen, after
班|ハン|squad, corps, unit
詞|シ|part of speech, words
寸|スン|measurement, foot/10
机|つくえ, キ|desk, table
磁|ジ|magnet, porcelain
灰|はい, カイ|ashes, puckery juice
垂|た.れる, た.らす, スイ|droop, suspend, hang
穀|コク|cereals, grain
絹|きぬ, ケン|silk
尺|シャク|shaku, Japanese foot
蚕|かいこ, こ, サン|silkworm
